name,season,wikipedia url,wikidata q id,imdb id,character name
Batman,Season 1 (1969-1970),https://community.fandom.com/wiki/Wikipedia:Batman,Q2695156,,
Carol Burnett,Season 1 (1969-1970),https://community.fandom.com/wiki/Wikipedia:Carol_Burnett,Q255565,0000993,Carol Burnett
Michael Cooney,Season 1 (1969-1970),https://community.fandom.com/wiki/Wikipedia:Michael_Cooney,Q6829443,,
Ruby Dee,Season 1 (1969-1970),https://community.fandom.com/wiki/Wikipedia:Ruby_Dee,Q234360,0002039,
Odetta Holmes,Season 1 (1969-1970),https://community.fandom.com/wiki/Wikipedia:Odetta_Holmes,Q237633,,
Mahalia Jackson,Season 1 (1969-1970),https://community.fandom.com/wiki/Wikipedia:Mahalia_Jackson,Q206466,0413810,
James Earl Jones,Season 1 (1969-1970),https://community.fandom.com/wiki/Wikipedia:James_Earl_Jones,Q203960,0000469,Lemming #30
Ethel Kennedy,Season 1 (1969-1970),https://community.fandom.com/wiki/Wikipedia:Ethel_Kennedy,Q258661,0448026,
B. B. King,Season 1 (1969-1970),https://community.fandom.com/wiki/Wikipedia:B._B._King,Q188969,0454475,B.B.
Reverend Frederick Douglas Kirkpatrick,Season 1 (1969-1970),https://community.fandom.com/wiki/Wikipedia:Frederick_Douglass_Kirkpatrick,Q20737932,,
Burt Lancaster,Season 1 (1969-1970),https://community.fandom.com/wiki/Wikipedia:Burt_Lancaster,Q160528,0000044,Burt
Ed Lipton,Season 1 (1969-1970),,,,
Don McLean,Season 1 (1969-1970),https://community.fandom.com/wiki/Wikipedia:Don_McLean,Q57339,,
Listen My Brother,Season 1 (1969-1970),,,,
Pat Paulsen,Season 1 (1969-1970),https://community.fandom.com/wiki/Wikipedia:Pat_Paulsen,Q7143911,0667323,
Lou Rawls,Season 1 (1969-1970),https://community.fandom.com/wiki/Wikipedia:Lou_Rawls,Q455821,0712675,
Jackie Robinson,Season 1 (1969-1970),https://community.fandom.com/wiki/Wikipedia:Jackie_Robinson,Q221048,0732697,
Rowlf the Dog,Season 1 (1969-1970),,,,
Tony Saletan,Season 1 (1969-1970),https://community.fandom.com/wiki/Wikipedia:Tony_Saletan,Q16091996,,
Pete Seeger,Season 1 (1969-1970),https://community.fandom.com/wiki/Wikipedia:Pete_Seeger,Q244441,,
Superman,Season 1 (1969-1970),https://community.fandom.com/wiki/Wikipedia:Superman,Q79015,,
Jess Adkins,Season 2 (1970-1971),,,,
Leon Bibb,Season 2 (1970-1971),https://community.fandom.com/wiki/Wikipedia:Leon_Bibb_(musician),Q1818862,,
Theodore Bikel,Season 2 (1970-1971),https://community.fandom.com/wiki/Wikipedia:Theodore_Bikel,Q215721,0000942,
Bonanza,Season 2 (1970-1971),https://community.fandom.com/wiki/Wikipedia:Bonanza,Q862187,,
Dave Broadfoot,Season 2 (1970-1971),https://community.fandom.com/wiki/Wikipedia:Dave_Broadfoot,Q3017127,0110378,
Carol Burnett,Season 2 (1970-1971),https://community.fandom.com/wiki/Wikipedia:Carol_Burnett,Q255565,0000993,Carol Burnett
Tim Conway,Season 2 (1970-1971),https://community.fandom.com/wiki/Wikipedia:Tim_Conway,Q1304952,0176792,
Michael Cooney,Season 2 (1970-1971),https://community.fandom.com/wiki/Wikipedia:Michael_Cooney,Q6829443,,
Bill Cosby,Season 2 (1970-1971),https://community.fandom.com/wiki/Wikipedia:Bill_Cosby,Q213512,0001070,Himsef
Reuben Figueroa,Season 2 (1970-1971),,,,
Peggy Fleming,Season 2 (1970-1971),https://community.fandom.com/wiki/Wikipedia:Peggy_Fleming,Q236546,,
Walt Frazier,Season 2 (1970-1971),https://community.fandom.com/wiki/Wikipedia:Walt_Frazier,Q348696,,
Arte Johnson,Season 2 (1970-1971),https://community.fandom.com/wiki/Wikipedia:Arte_Johnson,Q2864827,0424527,German Soldier
Listen My Brother,Season 2 (1970-1971),,,,
Cleavon Little,Season 2 (1970-1971),https://community.fandom.com/wiki/Wikipedia:Cleavon_Little,Q1099628,0001476,
National Theatre of the Deaf,Season 2 (1970-1971),https://community.fandom.com/wiki/Wikipedia:National_Theatre_of_the_Deaf,Q1967764,,
Christopher Lofton,Season 2 (1970-1971),,,,
Jim Nabors,Season 2 (1970-1971),https://community.fandom.com/wiki/Wikipedia:Jim_Nabors,Q963787,0001561,
Pete Seeger,Season 2 (1970-1971),https://community.fandom.com/wiki/Wikipedia:Pete_Seeger,Q244441,,
Superman,Season 2 (1970-1971),https://community.fandom.com/wiki/Wikipedia:Superman,Q79015,,
Flip Wilson,Season 2 (1970-1971),https://community.fandom.com/wiki/Wikipedia:Flip_Wilson,Q3073760,0933400,
Nydia Caro,Season 3 (1971-1972),https://community.fandom.com/wiki/Wikipedia:Nydia_Caro,Q9051232,,
Bill Cosby,Season 3 (1971-1972),https://community.fandom.com/wiki/Wikipedia:Bill_Cosby,Q213512,0001070,Himsef
Reverend Jesse Jackson,Season 3 (1971-1972),https://community.fandom.com/wiki/Wikipedia:Jesse_Jackson,Q310586,0413666,
Reverend Frederick Douglas Kirkpatrick,Season 3 (1971-1972),https://community.fandom.com/wiki/Wikipedia:Frederick_Douglass_Kirkpatrick,Q20737932,,
National Theatre of the Deaf,Season 3 (1971-1972),https://community.fandom.com/wiki/Wikipedia:National_Theatre_of_the_Deaf,Q1967764,,
The New York Knicks,Season 3 (1971-1972),,,,
Baseball,Season 3 (1971-1972),https://community.fandom.com/wiki/Wikipedia:Baseball,Q5369,,
Pete Seeger,Season 3 (1971-1972),https://community.fandom.com/wiki/Wikipedia:Pete_Seeger,Q244441,,
Nina Simone,Season 3 (1971-1972),https://community.fandom.com/wiki/Wikipedia:Nina_Simone,Q174957,0800510,
Jimmy Collier,Season 4 (1972-1973),,,,
Paul Dooley,Season 4 (1972-1973),https://community.fandom.com/wiki/Wikipedia:Paul_Dooley,Q708097,0233209,Parrot
Stevie Wonder,Season 4 (1972-1973),https://community.fandom.com/wiki/Wikipedia:Stevie_Wonder,Q714,0005567,
Johnny Cash,Season 5 (1973-1974),https://community.fandom.com/wiki/Wikipedia:Johnny_Cash,Q42775,0143599,
June Carter Cash,Season 5 (1973-1974),https://community.fandom.com/wiki/Wikipedia:June_Carter_Cash,Q233253,0141745,
Jimmy Collier,Season 5 (1973-1974),,,,
Morgan Freeman,Season 5 (1973-1974),https://community.fandom.com/wiki/Wikipedia:Morgan_Freeman,Q48337,0000151,Easy Reader
The Harlem Globetrotters,Season 5 (1973-1974),https://community.fandom.com/wiki/Wikipedia:The_Harlem_Globetrotters,Q506754,,
[3],Season 5 (1973-1974),https://community.fandom.com/wiki/Wikipedia:The_Harlem_Globetrotters,Q506754,,
Lena Horne,Season 5 (1973-1974),https://community.fandom.com/wiki/Wikipedia:Lena_Horne,Q112307,0395043,
Krazy Kat,Season 5 (1973-1974),https://community.fandom.com/wiki/Wikipedia:Krazy_Kat,Q726731,,
Rita Moreno,Season 5 (1973-1974),https://community.fandom.com/wiki/Wikipedia:Rita_Moreno,Q230151,0001549,Teresa / Vocals on 'Women Can Be' / Liza / ...
Arthur Ashe,Season 6 (1974-1975),https://community.fandom.com/wiki/Wikipedia:Arthur_Ashe,Q53325,,
José Feliciano,Season 6 (1974-1975),https://community.fandom.com/wiki/Wikipedia:Jos%C3%A9_Feliciano,Q315784,0004913,
Rosey Grier,Season 6 (1974-1975),https://community.fandom.com/wiki/Wikipedia:Rosey_Grier,Q7368791,0340952,
Richie Havens,Season 6 (1974-1975),https://community.fandom.com/wiki/Wikipedia:Richie_Havens,Q505285,0369784,
Reverend Frederick Douglas Kirkpatrick,Season 6 (1974-1975),https://community.fandom.com/wiki/Wikipedia:Frederick_Douglass_Kirkpatrick,Q20737932,,
Ed Lipton,Season 6 (1974-1975),,,,
Whitman Mayo,Season 6 (1974-1975),https://community.fandom.com/wiki/Wikipedia:Whitman_Mayo,Q647436,0562924,
Zero Mostel,Season 6 (1974-1975),https://community.fandom.com/wiki/Wikipedia:Zero_Mostel,Q191952,0609216,
[1],Season 6 (1974-1975),https://community.fandom.com/wiki/Wikipedia:Zero_Mostel,Q191952,0609216,
The Pointer Sisters,Season 6 (1974-1975),https://community.fandom.com/wiki/Wikipedia:The_Pointer_Sisters,Q1161836,1429298,Singers 'Pinball Number Count #2' / Singers 'Pinball Number Count #10' / Singers 'Pinball Number Count #11' / ...
Richard Pryor,Season 6 (1974-1975),https://community.fandom.com/wiki/Wikipedia:Richard_Pryor,Q294912,0001640,
Helen Reddy,Season 6 (1974-1975),https://community.fandom.com/wiki/Wikipedia:Helen_Reddy,Q233362,0714761,
Pete Seeger,Season 6 (1974-1975),https://community.fandom.com/wiki/Wikipedia:Pete_Seeger,Q244441,,
Mary Lou Williams,Season 6 (1974-1975),https://community.fandom.com/wiki/Wikipedia:Mary_Lou_Williams,Q126677,,
Arthur Ashe,Season 7 (1975-1976),https://community.fandom.com/wiki/Wikipedia:Arthur_Ashe,Q53325,,
Judy Collins,Season 7 (1975-1976),https://community.fandom.com/wiki/Wikipedia:Judy_Collins,Q254576,0172423,The Sad Princess
The Deadly Nightshade,Season 7 (1975-1976),https://community.fandom.com/wiki/Wikipedia:The_Deadly_Nightshade,Q7729349,,
Rosey Grier,Season 7 (1975-1976),https://community.fandom.com/wiki/Wikipedia:Rosey_Grier,Q7368791,0340952,
Margaret Hamilton,Season 7 (1975-1976),https://community.fandom.com/wiki/Wikipedia:Margaret_Hamilton,Q16210802,,
Edgar Kendricks,Season 7 (1975-1976),,,,
Lily Tomlin,Season 7 (1975-1976),https://community.fandom.com/wiki/Wikipedia:Lily_Tomlin,Q229271,0005499,Edith Ann / Ernestine the Telephone Operator
Ray Barretto,Season 8 (1976-1977),https://community.fandom.com/wiki/Wikipedia:Ray_Barretto,Q740099,,
Richie Havens,Season 8 (1976-1977),https://community.fandom.com/wiki/Wikipedia:Richie_Havens,Q505285,0369784,
Edgar Kendricks,Season 8 (1976-1977),,,,
Anne Revere,Season 8 (1976-1977),https://community.fandom.com/wiki/Wikipedia:Anne_Revere,Q239770,0720843,
Paul Simon,Season 8 (1976-1977),https://community.fandom.com/wiki/Wikipedia:Paul_Simon,Q4028,0800328,
Judy Collins,Season 8 (1976-1977),https://community.fandom.com/wiki/Wikipedia:Judy_Collins,Q254576,0172423,The Sad Princess
Clarice Taylor,Season 8 (1976-1977),https://community.fandom.com/wiki/Wikipedia:Clarice_Taylor,Q372723,0852146,David's Grandma / Grace
[1],Season 8 (1976-1977),https://community.fandom.com/wiki/Wikipedia:Clarice_Taylor,Q372723,0852146,David's Grandma / Grace
Michael Christensen,Season 8 (1976-1977),,,,
Keola Beamer,Season 9 (1977-1978),https://community.fandom.com/wiki/Wikipedia:Keola_Beamer,Q6393036,,
Winona Beamer,Season 9 (1977-1978),,,,
Richard Belzer,Season 9 (1977-1978),https://community.fandom.com/wiki/Wikipedia:Richard_Belzer,Q542816,0001938,Man in Rowboat #1 / Man in Row Boat #1
Victor Borge,Season 9 (1977-1978),https://community.fandom.com/wiki/Wikipedia:Victor_Borge,Q251417,0096493,
Ray Charles,Season 9 (1977-1978),https://community.fandom.com/wiki/Wikipedia:Ray_Charles,Q544387,0153124,
Michael Christensen,Season 9 (1977-1978),,,,
The Deadly Nightshade,Season 9 (1977-1978),https://community.fandom.com/wiki/Wikipedia:The_Deadly_Nightshade,Q7729349,,
Linda Moon Redfearn,Season 9 (1977-1978),,,,
Brian Doyle-Murray,Season 9 (1977-1978),https://community.fandom.com/wiki/Wikipedia:Brian_Doyle-Murray,Q912103,0236519,Man in Rowboat #2 / Man in Row Boat #2
Judy Finelli,Season 9 (1977-1978),,,,
Ron Howard,Season 9 (1977-1978),https://community.fandom.com/wiki/Wikipedia:Ron_Howard,Q103646,0000165,Richie Cunningham
James Earl Jones,Season 9 (1977-1978),https://community.fandom.com/wiki/Wikipedia:James_Earl_Jones,Q203960,0000469,Lemming #30
Madeline Kahn,Season 9 (1977-1978),https://community.fandom.com/wiki/Wikipedia:Madeline_Kahn,Q234068,0001404,The Commissioner of Fun and Games / Madeline
"George ""Boogie"" Kalama",Season 9 (1977-1978),,,,
Mummenschanz,Season 9 (1977-1978),https://community.fandom.com/wiki/Wikipedia:Mummenschanz,Q674194,,
Paul Simon,Season 9 (1977-1978),https://community.fandom.com/wiki/Wikipedia:Paul_Simon,Q4028,0800328,
Henry Winkler,Season 9 (1977-1978),https://community.fandom.com/wiki/Wikipedia:Henry_Winkler,Q343983,0001857,Fonzie / The Fonz
George Benson,Season 10 (1978-1979),https://community.fandom.com/wiki/Wikipedia:George_Benson,Q348459,,
Canadian Brass,Season 10 (1978-1979),https://community.fandom.com/wiki/Wikipedia:Canadian_Brass,Q1032066,,
The Deadly Nightshade,Season 10 (1978-1979),https://community.fandom.com/wiki/Wikipedia:The_Deadly_Nightshade,Q7729349,,
William Hickey,Season 10 (1978-1979),https://community.fandom.com/wiki/Wikipedia:William_Hickey,Q8012301,,
Gregory Hines,Season 10 (1978-1979),https://community.fandom.com/wiki/Wikipedia:Gregory_Hines,Q367653,0002138,Gregory the Great
Maurice Hines,Season 10 (1978-1979),https://community.fandom.com/wiki/Wikipedia:Maurice_Hines,Q6793202,0385697,
George Benson,Season 11 (1979-1980),https://community.fandom.com/wiki/Wikipedia:George_Benson,Q348459,,
C-3PO,Season 11 (1979-1980),,,,
Anthony Daniels,Season 11 (1979-1980),https://community.fandom.com/wiki/Wikipedia:Anthony_Daniels,Q441685,0000355,C-3PO
Canadian Brass,Season 11 (1979-1980),https://community.fandom.com/wiki/Wikipedia:Canadian_Brass,Q1032066,,
Carmen de Lavallade,Season 11 (1979-1980),,,,
Linda Moon Redfearn,Season 11 (1979-1980),,,,
Suzanne Farrell,Season 11 (1979-1980),https://community.fandom.com/wiki/Wikipedia:Suzanne_Farrell,Q452198,0268347,
Sir James Galway,Season 11 (1979-1980),https://community.fandom.com/wiki/Wikipedia:James_Galway,Q160371,,
Robert Gottfried,Season 11 (1979-1980),,,,
Gregory Hines,Season 11 (1979-1980),https://community.fandom.com/wiki/Wikipedia:Gregory_Hines,Q367653,0002138,Gregory the Great
Maurice Hines,Season 11 (1979-1980),https://community.fandom.com/wiki/Wikipedia:Maurice_Hines,Q6793202,0385697,
Frances Sternhagen,Season 11 (1979-1980),https://community.fandom.com/wiki/Wikipedia:Frances_Sternhagen,Q272412,0827973,
Mary Wickes,Season 11 (1979-1980),,,,
Victor Brady,Season 12 (1980-1981),,,,
Cab Calloway,Season 12 (1980-1981),https://community.fandom.com/wiki/Wikipedia:Cab_Calloway,Q273079,0130572,
Suzanne Farrell,Season 12 (1980-1981),https://community.fandom.com/wiki/Wikipedia:Suzanne_Farrell,Q452198,0268347,
Holly Near,Season 12 (1980-1981),https://community.fandom.com/wiki/Wikipedia:Holly_Near,Q1624891,0623783,
Itzhak Perlman,Season 12 (1980-1981),https://community.fandom.com/wiki/Wikipedia:Itzhak_Perlman,Q215905,0674221,
Fred Rogers,Season 12 (1980-1981),https://community.fandom.com/wiki/Wikipedia:Fred_Rogers,Q1275768,0736872,Mr. Rogers
Dale Soules,Season 12 (1980-1981),https://community.fandom.com/wiki/Wikipedia:Dale_Soules,Q26972355,0815831,Officer Landon / Security Officer
Harry Belafonte,Season 13 (1981-1982),https://community.fandom.com/wiki/Wikipedia:Harry_Belafonte,Q214959,0000896,
José Carreras,Season 13 (1981-1982),https://community.fandom.com/wiki/Wikipedia:Jos%C3%A9_Carreras,Q485165,0007168,
Richard Dawson,Season 13 (1981-1982),https://community.fandom.com/wiki/Wikipedia:Richard_Dawson,Q1354328,0206241,
Julius Erving,Season 13 (1981-1982),https://community.fandom.com/wiki/Wikipedia:Julius_Erving,Q209921,0259973,
Suzanne Farrell,Season 13 (1981-1982),https://community.fandom.com/wiki/Wikipedia:Suzanne_Farrell,Q452198,0268347,
14 Karat Soul,Season 13 (1981-1982),,,,
Madeline Kahn,Season 13 (1981-1982),https://community.fandom.com/wiki/Wikipedia:Madeline_Kahn,Q234068,0001404,The Commissioner of Fun and Games / Madeline
Diana Ross,Season 13 (1981-1982),https://community.fandom.com/wiki/Wikipedia:Diana_Ross,Q36290,0005384,
Harry Belafonte,Season 14 (1982-1983),https://community.fandom.com/wiki/Wikipedia:Harry_Belafonte,Q214959,0000896,
Giancarlo Esposito,Season 14 (1982-1983),https://community.fandom.com/wiki/Wikipedia:Giancarlo_Esposito,Q726142,0002064,Mickey
Hugh Franklin,Season 14 (1982-1983),https://community.fandom.com/wiki/Wikipedia:Hugh_Franklin_(actor),Q15524916,0291443,
Crystal Gayle,Season 14 (1982-1983),https://community.fandom.com/wiki/Wikipedia:Crystal_Gayle,Q434512,,
Howard Johnson,Season 14 (1982-1983),https://community.fandom.com/wiki/Wikipedia:Howard_Johnson,Q3787227,,
Marilyn Sokol,Season 14 (1982-1983),,,,
James Taylor,Season 14 (1982-1983),https://community.fandom.com/wiki/Wikipedia:James_Taylor,Q310300,0852510,
Billy Dee Williams,Season 14 (1982-1983),https://community.fandom.com/wiki/Wikipedia:Billy_Dee_Williams,Q358345,0001850,
[2],Season 14 (1982-1983),https://community.fandom.com/wiki/Wikipedia:Billy_Dee_Williams,Q358345,0001850,
Marv Albert,Season 15 (1983-1984),https://community.fandom.com/wiki/Wikipedia:Marv_Albert,Q6778062,0016548,
Roger Caras,Season 15 (1983-1984),,,,
Carol Channing,Season 15 (1983-1984),https://community.fandom.com/wiki/Wikipedia:Carol_Channing,Q237287,0151919,
Michael Davis,Season 15 (1983-1984),https://community.fandom.com/wiki/Wikipedia:Michael_Davis_(juggler),Q16207416,1392515,
Ben Harney,Season 15 (1983-1984),https://community.fandom.com/wiki/Wikipedia:Ben_Harney_(actor),Q4885794,0363664,Bernie
B. B. King,Season 15 (1983-1984),https://community.fandom.com/wiki/Wikipedia:B._B._King,Q188969,0454475,B.B.
Robert MacNeil,Season 15 (1983-1984),https://community.fandom.com/wiki/Wikipedia:Robert_MacNeil,Q573648,,
Sally Ride,Season 15 (1983-1984),https://community.fandom.com/wiki/Wikipedia:Sally_Ride,Q49285,,
Sid Caesar,Season 16 (1984-1985),https://community.fandom.com/wiki/Wikipedia:Sid_Caesar,Q555226,0128377,The Professor
Billy Crystal,Season 16 (1984-1985),https://community.fandom.com/wiki/Wikipedia:Billy_Crystal,Q186485,0000345,Ricky / Henry
Jane Curtin,Season 16 (1984-1985),https://community.fandom.com/wiki/Wikipedia:Jane_Curtin,Q234120,0004852,Cinderella
Ron Darling,Season 16 (1984-1985),https://community.fandom.com/wiki/Wikipedia:Ron_Darling,Q3026363,,
Ron Foster,Season 16 (1984-1985),,,,
"John Birks ""Dizzy"" Gillespie",Season 16 (1984-1985),https://community.fandom.com/wiki/Wikipedia:Dizzy_Gillespie,Q49575,,
Ellen Greene,Season 16 (1984-1985),https://community.fandom.com/wiki/Wikipedia:Ellen_Greene,Q513009,0338746,
Herbie Hancock,Season 16 (1984-1985),https://community.fandom.com/wiki/Wikipedia:Herbie_Hancock,Q105875,0359372,
Geri Jewell,Season 16 (1984-1985),https://community.fandom.com/wiki/Wikipedia:Geri_Jewell,Q5550818,0422434,
Rosetta LeNoire,Season 16 (1984-1985),https://community.fandom.com/wiki/Wikipedia:Rosetta_LeNoire,Q536612,0502158,Mrs. Robinson
Loretta Lynn,Season 16 (1984-1985),https://community.fandom.com/wiki/Wikipedia:Loretta_Lynn,Q272931,0528750,
Menudo,Season 16 (1984-1985),https://community.fandom.com/wiki/Wikipedia:Menudo_(band),Q2555767,,
"John Moschitta, Jr.",Season 16 (1984-1985),"https://community.fandom.com/wiki/Wikipedia:John_Moschitta,_Jr.",Q12745112,0608321,Man with Long-Named Baby / Porter Pepper
Mandy Patinkin,Season 16 (1984-1985),https://community.fandom.com/wiki/Wikipedia:Mandy_Patinkin,Q267097,0001597,
Smokey Robinson,Season 16 (1984-1985),https://community.fandom.com/wiki/Wikipedia:Smokey_Robinson,Q310332,0005373,
[1],Season 16 (1984-1985),https://community.fandom.com/wiki/Wikipedia:Smokey_Robinson,Q310332,0005373,
[3],Season 16 (1984-1985),https://community.fandom.com/wiki/Wikipedia:Smokey_Robinson,Q310332,0005373,
Rubén Blades,Season 17 (1985-1986),https://community.fandom.com/wiki/Wikipedia:Rub%C3%A9n_Blades,Q474980,0001952,
Tempestt Bledsoe,Season 17 (1985-1986),https://community.fandom.com/wiki/Wikipedia:Tempestt_Bledsoe,Q541171,0088144,
Lisa Bonet,Season 17 (1985-1986),https://community.fandom.com/wiki/Wikipedia:Lisa_Bonet,Q232414,0000956,
Sid Caesar,Season 17 (1985-1986),https://community.fandom.com/wiki/Wikipedia:Sid_Caesar,Q555226,0128377,The Professor
Bill Cobbs,Season 17 (1985-1986),https://community.fandom.com/wiki/Wikipedia:Bill_Cobbs,Q862028,0167850,Lee
Tony Danza,Season 17 (1985-1986),https://community.fandom.com/wiki/Wikipedia:Tony_Danza,Q721963,0001103,
Danny DeVito,Season 17 (1985-1986),https://community.fandom.com/wiki/Wikipedia:Danny_DeVito,Q26806,0000362,Vincent Van Grouch / Vincent van Grouch
Phil Donahue,Season 17 (1985-1986),https://community.fandom.com/wiki/Wikipedia:Phil_Donahue,Q1336253,0004882,
Frances Foster,Season 17 (1985-1986),https://community.fandom.com/wiki/Wikipedia:Frances_Foster,Q5478651,0287804,Dorothy / Susan's Mother
Teri Garr,Season 17 (1985-1986),https://community.fandom.com/wiki/Wikipedia:Teri_Garr,Q233873,0000414,Amelia
Annabelle Gurwitch,Season 17 (1985-1986),https://community.fandom.com/wiki/Wikipedia:Annabelle_Gurwitch,Q4767721,0348800,
Patti LaBelle,Season 17 (1985-1986),https://community.fandom.com/wiki/Wikipedia:Patti_LaBelle,Q31013,0479458,
Yo-Yo Ma,Season 17 (1985-1986),https://community.fandom.com/wiki/Wikipedia:Yo-Yo_Ma,Q234891,,
Wynton Marsalis,Season 17 (1985-1986),https://community.fandom.com/wiki/Wikipedia:Wynton_Marsalis,Q273076,,
Itzhak Perlman,Season 17 (1985-1986),https://community.fandom.com/wiki/Wikipedia:Itzhak_Perlman,Q215905,0674221,
Keshia Knight Pulliam,Season 17 (1985-1986),https://community.fandom.com/wiki/Wikipedia:Keshia_Knight_Pulliam,Q454412,0700443,Keshia
The Sweeties,Season 17 (1985-1986),,,,
Malcolm-Jamal Warner,Season 17 (1985-1986),https://community.fandom.com/wiki/Wikipedia:Malcolm-Jamal_Warner,Q1349215,0912528,
[1],Season 17 (1985-1986),https://community.fandom.com/wiki/Wikipedia:Malcolm-Jamal_Warner,Q1349215,0912528,
[2],Season 17 (1985-1986),https://community.fandom.com/wiki/Wikipedia:Malcolm-Jamal_Warner,Q1349215,0912528,
[3],Season 17 (1985-1986),https://community.fandom.com/wiki/Wikipedia:Malcolm-Jamal_Warner,Q1349215,0912528,
June Angela,Season 18 (1986-1987),,,,
Tichina Arnold,Season 18 (1986-1987),https://community.fandom.com/wiki/Wikipedia:Tichina_Arnold,Q456894,0036651,Tichina
Thomas Barbour,Season 18 (1986-1987),,,,
John Candy,Season 18 (1986-1987),https://community.fandom.com/wiki/Wikipedia:John_Candy,Q218532,0001006,
Bill Cobbs,Season 18 (1986-1987),https://community.fandom.com/wiki/Wikipedia:Bill_Cobbs,Q862028,0167850,Lee
Celia Cruz,Season 18 (1986-1987),https://community.fandom.com/wiki/Wikipedia:Celia_Cruz,Q474045,0190272,
Danny DeVito,Season 18 (1986-1987),https://community.fandom.com/wiki/Wikipedia:Danny_DeVito,Q26806,0000362,Vincent Van Grouch / Vincent van Grouch
Naseer El-Kadi,Season 18 (1986-1987),,,,
Shawn Elliott,Season 18 (1986-1987),,,,
Frances Foster,Season 18 (1986-1987),https://community.fandom.com/wiki/Wikipedia:Frances_Foster,Q5478651,0287804,Dorothy / Susan's Mother
The Four Tops,Season 18 (1986-1987),https://community.fandom.com/wiki/Wikipedia:Four_Tops,Q653480,1763087,
Anita Gillette,Season 18 (1986-1987),,,,
Keith Hernandez,Season 18 (1986-1987),https://community.fandom.com/wiki/Wikipedia:Keith_Hernandez,Q3194742,0379626,
I. M. Hobson,Season 18 (1986-1987),,,,
Robert Klein,Season 18 (1986-1987),https://community.fandom.com/wiki/Wikipedia:Robert_Klein,Q725931,0458951,
Patti LaBelle,Season 18 (1986-1987),https://community.fandom.com/wiki/Wikipedia:Patti_LaBelle,Q31013,0479458,
Rhea Perlman,Season 18 (1986-1987),https://community.fandom.com/wiki/Wikipedia:Rhea_Perlman,Q234058,0674231,
Pete Seeger,Season 18 (1986-1987),https://community.fandom.com/wiki/Wikipedia:Pete_Seeger,Q244441,,
Joe Williams,Season 18 (1986-1987),https://community.fandom.com/wiki/Wikipedia:Joe_Williams_(jazz_singer),Q1691660,0930920,
Rubén Blades,Season 19 (1987-1988),https://community.fandom.com/wiki/Wikipedia:Rub%C3%A9n_Blades,Q474980,0001952,
Aram Delgado,Season 19 (1987-1988),,,,
Edouard DeSoto,Season 19 (1987-1988),,,,
José Ferrer,Season 19 (1987-1988),https://community.fandom.com/wiki/Wikipedia:Jos%C3%A9_Ferrer,Q312098,0001207,Tío José
Matt Frewer,Season 19 (1987-1988),https://community.fandom.com/wiki/Wikipedia:Matt_Frewer,Q545172,0001242,Max Headroom
Max Headroom,Season 19 (1987-1988),https://community.fandom.com/wiki/Wikipedia:Max_Headroom,Q16203925,,
Paul Reubens,Season 19 (1987-1988),https://community.fandom.com/wiki/Wikipedia:Paul_Reubens,Q720581,0000607,Pee-Wee Herman
Lillian Hurst,Season 19 (1987-1988),https://community.fandom.com/wiki/Wikipedia:Lillian_Hurst,Q1825219,0403622,Mrs. Figueroa
Dana Ivey,Season 19 (1987-1988),https://community.fandom.com/wiki/Wikipedia:Dana_Ivey,Q2454742,0412374,
Madeline Kahn,Season 19 (1987-1988),https://community.fandom.com/wiki/Wikipedia:Madeline_Kahn,Q234068,0001404,The Commissioner of Fun and Games / Madeline
Kronos Quartet,Season 19 (1987-1988),https://community.fandom.com/wiki/Wikipedia:Kronos_Quartet,Q1126131,,
Ladysmith Black Mambazo,Season 19 (1987-1988),https://community.fandom.com/wiki/Wikipedia:Ladysmith_Black_Mambazo,Q258686,,
Jay Leno,Season 19 (1987-1988),https://community.fandom.com/wiki/Wikipedia:Jay_Leno,Q218718,0005143,
Andrea Martin,Season 19 (1987-1988),https://community.fandom.com/wiki/Wikipedia:Andrea_Martin,Q442309,0551908,The Lecture Lady / Wanda Falbo / Lecture Lady / ...
Paul Simon,Season 19 (1987-1988),https://community.fandom.com/wiki/Wikipedia:Paul_Simon,Q4028,0800328,
"William Hayward ""Mookie"" Wilson",Season 19 (1987-1988),https://community.fandom.com/wiki/Wikipedia:Mookie_Wilson,Q3323539,1146525,
Jamie Lee Curtis,Season 20 (1988-1989),https://community.fandom.com/wiki/Wikipedia:Jamie_Lee_Curtis,Q106997,0000130,
Ann Marie DeAngelo,Season 20 (1988-1989),https://community.fandom.com/wiki/Wikipedia:Ann_Marie_DeAngelo,Q4766542,,
Frances Foster,Season 20 (1988-1989),https://community.fandom.com/wiki/Wikipedia:Frances_Foster,Q5478651,0287804,Dorothy / Susan's Mother
14 Karat Soul,Season 20 (1988-1989),,,,
Sir James Galway,Season 20 (1988-1989),https://community.fandom.com/wiki/Wikipedia:James_Galway,Q160371,,
Ernesto Gasco,Season 20 (1988-1989),,,,
Lillian Hurst,Season 20 (1988-1989),https://community.fandom.com/wiki/Wikipedia:Lillian_Hurst,Q1825219,0403622,Mrs. Figueroa
Susan Saint James,Season 20 (1988-1989),https://community.fandom.com/wiki/Wikipedia:Susan_Saint_James,Q259559,0756634,
Billy Joel,Season 20 (1988-1989),https://community.fandom.com/wiki/Wikipedia:Billy_Joel,Q194333,0005055,
Richard Libertini,Season 20 (1988-1989),,,,
Marlee Matlin,Season 20 (1988-1989),https://community.fandom.com/wiki/Wikipedia:Marlee_Matlin,Q213287,0559144,
Martina Navratilova,Season 20 (1988-1989),https://community.fandom.com/wiki/Wikipedia:Martina_Navratilova,Q54545,,
Susan Sarandon,Season 20 (1988-1989),https://community.fandom.com/wiki/Wikipedia:Susan_Sarandon,Q133050,0000215,
Lily Tomlin,Season 20 (1988-1989),https://community.fandom.com/wiki/Wikipedia:Lily_Tomlin,Q229271,0005499,Edith Ann / Ernestine the Telephone Operator
Kathleen Turner,Season 20 (1988-1989),https://community.fandom.com/wiki/Wikipedia:Kathleen_Turner,Q222008,0000678,
Tracey Ullman,Season 20 (1988-1989),https://community.fandom.com/wiki/Wikipedia:Tracey_Ullman,Q130549,0001808,
Dave Winfield,Season 20 (1988-1989),https://community.fandom.com/wiki/Wikipedia:Dave_Winfield,Q1173396,0934889,
Candice Bergen,Season 21 (1989-1990),https://community.fandom.com/wiki/Wikipedia:Candice_Bergen,Q106942,0000298,
Barbara Bush,Season 21 (1989-1990),https://community.fandom.com/wiki/Wikipedia:Barbara_Bush,Q190628,,
Bob Dishy,Season 21 (1989-1990),https://community.fandom.com/wiki/Wikipedia:Bob_Dishy,Q582019,0228336,
14 Karat Soul,Season 21 (1989-1990),,,,
Jeff Goldblum,Season 21 (1989-1990),https://community.fandom.com/wiki/Wikipedia:Jeff_Goldblum,Q106706,0000156,Minneapolis
Carol Kane,Season 21 (1989-1990),https://community.fandom.com/wiki/Wikipedia:Carol_Kane,Q235302,0001406,
Andrea Martin,Season 21 (1989-1990),https://community.fandom.com/wiki/Wikipedia:Andrea_Martin,Q442309,0551908,The Lecture Lady / Wanda Falbo / Lecture Lady / ...
Jeff Redd,Season 21 (1989-1990),https://community.fandom.com/wiki/Wikipedia:Jeff_Redd,Q6174769,,
Max Roach,Season 21 (1989-1990),https://community.fandom.com/wiki/Wikipedia:Max_Roach,Q175899,,
Isaac Stern,Season 21 (1989-1990),https://community.fandom.com/wiki/Wikipedia:Isaac_Stern,Q311317,0827716,
Denzel Washington,Season 21 (1989-1990),https://community.fandom.com/wiki/Wikipedia:Denzel_Washington,Q42101,0000243,
[1],Season 21 (1989-1990),https://community.fandom.com/wiki/Wikipedia:Denzel_Washington,Q42101,0000243,
Marv Albert,Season 22 (1990-1991),https://community.fandom.com/wiki/Wikipedia:Marv_Albert,Q6778062,0016548,
Maria Conchita Alonso,Season 22 (1990-1991),https://community.fandom.com/wiki/Wikipedia:Maria_Conchita_Alonso,Q271145,0000744,
Candice Bergen,Season 22 (1990-1991),https://community.fandom.com/wiki/Wikipedia:Candice_Bergen,Q106942,0000298,
Lee Chamberlin,Season 22 (1990-1991),https://community.fandom.com/wiki/Wikipedia:Lee_Chamberlin,Q6513218,0150184,Barbra the Barber
Ray Charles,Season 22 (1990-1991),https://community.fandom.com/wiki/Wikipedia:Ray_Charles,Q544387,0153124,
Chubby Checker,Season 22 (1990-1991),https://community.fandom.com/wiki/Wikipedia:Chubby_Checker,Q317254,0154830,
Glenn Close,Season 22 (1990-1991),https://community.fandom.com/wiki/Wikipedia:Glenn_Close,Q372311,0000335,
Bill Cobbs,Season 22 (1990-1991),https://community.fandom.com/wiki/Wikipedia:Bill_Cobbs,Q862028,0167850,Lee
Tyne Daly,Season 22 (1990-1991),https://community.fandom.com/wiki/Wikipedia:Tyne_Daly,Q255651,0002033,
Geena Davis,Season 22 (1990-1991),https://community.fandom.com/wiki/Wikipedia:Geena_Davis,Q280098,0000133,
Ellas Otha Bates,Season 22 (1990-1991),https://community.fandom.com/wiki/Wikipedia:Bo_Diddley,Q208881,0225775,
David Norman Dinkins,Season 22 (1990-1991),https://community.fandom.com/wiki/Wikipedia:David_Dinkins,Q467133,,
Roger Ebert,Season 22 (1990-1991),https://community.fandom.com/wiki/Wikipedia:Roger_Ebert,Q212173,0001170,
Wilhelmenia Fernandez,Season 22 (1990-1991),https://community.fandom.com/wiki/Wikipedia:Wilhelmenia_Fernandez,Q459688,0273061,
Frances Foster,Season 22 (1990-1991),https://community.fandom.com/wiki/Wikipedia:Frances_Foster,Q5478651,0287804,Dorothy / Susan's Mother
Ernesto Gasco,Season 22 (1990-1991),,,,
Whoopi Goldberg,Season 22 (1990-1991),https://community.fandom.com/wiki/Wikipedia:Whoopi_Goldberg,Q49001,0000155,
Jeff Goldblum,Season 22 (1990-1991),https://community.fandom.com/wiki/Wikipedia:Jeff_Goldblum,Q106706,0000156,Minneapolis
Kadeem Hardison,Season 22 (1990-1991),https://community.fandom.com/wiki/Wikipedia:Kadeem_Hardison,Q367469,0362429,
Phil Hartman,Season 22 (1990-1991),https://community.fandom.com/wiki/Wikipedia:Phil_Hartman,Q366834,0367005,
Charlayne Hunter-Gault,Season 22 (1990-1991),https://community.fandom.com/wiki/Wikipedia:Charlayne_Hunter-Gault,Q5074602,0403095,
"Vincent Edward ""Bo"" Jackson",Season 22 (1990-1991),https://community.fandom.com/wiki/Wikipedia:Bo_Jackson,Q887401,0413313,
Victoria Jackson,Season 22 (1990-1991),https://community.fandom.com/wiki/Wikipedia:Victoria_Jackson,Q46080,0414130,
Waylon Jennings,Season 22 (1990-1991),https://community.fandom.com/wiki/Wikipedia:Waylon_Jennings,Q251287,,
Kid 'n Play,Season 22 (1990-1991),https://community.fandom.com/wiki/Wikipedia:Kid_%27n_Play,Q425641,0552086,
Robert MacNeil,Season 22 (1990-1991),https://community.fandom.com/wiki/Wikipedia:Robert_MacNeil,Q573648,,
Branford Marsalis,Season 22 (1990-1991),https://community.fandom.com/wiki/Wikipedia:Branford_Marsalis,Q454819,0550364,Forrest Wimbledon
Wynton Marsalis,Season 22 (1990-1991),https://community.fandom.com/wiki/Wikipedia:Wynton_Marsalis,Q273076,,
Bobby McFerrin,Season 22 (1990-1991),https://community.fandom.com/wiki/Wikipedia:Bobby_McFerrin,Q310894,,
Rhea Perlman,Season 22 (1990-1991),https://community.fandom.com/wiki/Wikipedia:Rhea_Perlman,Q234058,0674231,
Lou Diamond Phillips,Season 22 (1990-1991),https://community.fandom.com/wiki/Wikipedia:Lou_Diamond_Phillips,Q319725,0001617,
Tim Robbins,Season 22 (1990-1991),https://community.fandom.com/wiki/Wikipedia:Tim_Robbins,Q95048,0000209,
Julia Roberts,Season 22 (1990-1991),https://community.fandom.com/wiki/Wikipedia:Julia_Roberts,Q40523,0000210,
Steven Schub,Season 22 (1990-1991),,,,
The Simpsons,Season 22 (1990-1991),https://community.fandom.com/wiki/Wikipedia:The_Simpsons,Q886,,
Gene Siskel,Season 22 (1990-1991),https://community.fandom.com/wiki/Wikipedia:Gene_Siskel,Q969105,0803021,
Jeff Smith,Season 22 (1990-1991),https://community.fandom.com/wiki/Wikipedia:Jeff_Smith_(TV_personality),Q6175000,,
Randy Travis,Season 22 (1990-1991),https://community.fandom.com/wiki/Wikipedia:Randy_Travis,Q467519,0871430,
Tracey Ullman,Season 22 (1990-1991),https://community.fandom.com/wiki/Wikipedia:Tracey_Ullman,Q130549,0001808,
Blair Underwood,Season 22 (1990-1991),https://community.fandom.com/wiki/Wikipedia:Blair_Underwood,Q525304,0005516,
Malcolm-Jamal Warner,Season 22 (1990-1991),https://community.fandom.com/wiki/Wikipedia:Malcolm-Jamal_Warner,Q1349215,0912528,
Robin Williams,Season 22 (1990-1991),https://community.fandom.com/wiki/Wikipedia:Robin_Williams,Q83338,0000245,
Bonnie Blair Brown,Season 23 (1991-1992),https://community.fandom.com/wiki/Wikipedia:Blair_Brown,Q242709,0001974,Jane
Johnny Cash,Season 23 (1991-1992),https://community.fandom.com/wiki/Wikipedia:Johnny_Cash,Q42775,0143599,
Leon Chesney,Season 23 (1991-1992),,,,
En Vogue,Season 23 (1991-1992),https://community.fandom.com/wiki/Wikipedia:En_Vogue,Q1137304,1622923,
Gloria Estefan,Season 23 (1991-1992),https://community.fandom.com/wiki/Wikipedia:Gloria_Estefan,Q184697,0002065,
Sally Field,Season 23 (1991-1992),https://community.fandom.com/wiki/Wikipedia:Sally_Field,Q187033,0000398,
Gregory Hines,Season 23 (1991-1992),https://community.fandom.com/wiki/Wikipedia:Gregory_Hines,Q367653,0002138,Gregory the Great
Bill Irwin,Season 23 (1991-1992),https://community.fandom.com/wiki/Wikipedia:Bill_Irwin,Q603317,0410347,Mr. Noodle / Professor Television / Air Mime / ...
Andrea Martin,Season 23 (1991-1992),https://community.fandom.com/wiki/Wikipedia:Andrea_Martin,Q442309,0551908,The Lecture Lady / Wanda Falbo / Lecture Lady / ...
Rick Moranis,Season 23 (1991-1992),https://community.fandom.com/wiki/Wikipedia:Rick_Moranis,Q336282,0001548,Minnesota Shorts
Isiah Thomas,Season 23 (1991-1992),https://community.fandom.com/wiki/Wikipedia:Isiah_Thomas,Q298512,0858946,
Robert Townsend,Season 23 (1991-1992),https://community.fandom.com/wiki/Wikipedia:Robert_Townsend_(actor),Q2159005,0870186,
Teodorina Bello,Season 24 (1992-1993),,,,
Annette Bening,Season 24 (1992-1993),https://community.fandom.com/wiki/Wikipedia:Annette_Bening,Q190602,0000906,
Jim Carrey,Season 24 (1992-1993),https://community.fandom.com/wiki/Wikipedia:Jim_Carrey,Q40504,0000120,
Phoebe Cates,Season 24 (1992-1993),https://community.fandom.com/wiki/Wikipedia:Phoebe_Cates,Q14439,0000121,
Jodie Foster,Season 24 (1992-1993),https://community.fandom.com/wiki/Wikipedia:Jodie_Foster,Q41351,0000149,
Victor Garber,Season 24 (1992-1993),https://community.fandom.com/wiki/Wikipedia:Victor_Garber,Q270664,0001255,
Mel Gibson,Season 24 (1992-1993),https://community.fandom.com/wiki/Wikipedia:Mel_Gibson,Q42229,0000154,
Danny Glover,Season 24 (1992-1993),https://community.fandom.com/wiki/Wikipedia:Danny_Glover,Q192165,0000418,
Midori Gotō,Season 24 (1992-1993),https://community.fandom.com/wiki/Wikipedia:Midori_Got%C5%8D,Q268644,,
Judy Graubart,Season 24 (1992-1993),,,,
Judith Ivey,Season 24 (1992-1993),https://community.fandom.com/wiki/Wikipedia:Judith_Ivey,Q533613,0412382,
Kevin Kline,Season 24 (1992-1993),https://community.fandom.com/wiki/Wikipedia:Kevin_Kline,Q105817,0000177,
Queen Latifah,Season 24 (1992-1993),https://community.fandom.com/wiki/Wikipedia:Queen_Latifah,Q1112005,0001451,
Graciela Lecube,Season 24 (1992-1993),,,,
Los Lobos,Season 24 (1992-1993),https://community.fandom.com/wiki/Wikipedia:Los_Lobos,Q370400,0521233,
Tim McCarver,Season 24 (1992-1993),https://community.fandom.com/wiki/Wikipedia:Tim_McCarver,Q7803927,0565446,
Paula Poundstone,Season 24 (1992-1993),https://community.fandom.com/wiki/Wikipedia:Paula_Poundstone,Q3372564,0005323,
Tito Puente,Season 24 (1992-1993),https://community.fandom.com/wiki/Wikipedia:Tito_Puente,Q317122,0005328,
Walt Willey,Season 24 (1992-1993),,,,
B. D. Wong,Season 24 (1992-1993),https://community.fandom.com/wiki/Wikipedia:B._D._Wong,Q359207,0000703,Dr. Brad Sing Jr.
[2],Season 24 (1992-1993),https://community.fandom.com/wiki/Wikipedia:B._D._Wong,Q359207,0000703,Dr. Brad Sing Jr.
[3],Season 24 (1992-1993),https://community.fandom.com/wiki/Wikipedia:B._D._Wong,Q359207,0000703,Dr. Brad Sing Jr.
Maya Angelou,Season 25 (1993-1994),https://community.fandom.com/wiki/Wikipedia:Maya_Angelou,Q19526,0029723,
Garth Brooks,Season 25 (1993-1994),https://community.fandom.com/wiki/Wikipedia:Garth_Brooks,Q216288,0004779,
Michael Chang,Season 25 (1993-1994),https://community.fandom.com/wiki/Wikipedia:Michael_Chang,Q53370,,
Hillary Rodham Clinton,Season 25 (1993-1994),https://community.fandom.com/wiki/Wikipedia:Hillary_Clinton,Q6294,,
John Goodman,Season 25 (1993-1994),https://community.fandom.com/wiki/Wikipedia:John_Goodman,Q215072,0000422,John Goodman
Marilyn Horne,Season 25 (1993-1994),https://community.fandom.com/wiki/Wikipedia:Marilyn_Horne,Q186514,0395047,
Bill Irwin,Season 25 (1993-1994),https://community.fandom.com/wiki/Wikipedia:Bill_Irwin,Q603317,0410347,Mr. Noodle / Professor Television / Air Mime / ...
Madeline Kahn,Season 25 (1993-1994),https://community.fandom.com/wiki/Wikipedia:Madeline_Kahn,Q234068,0001404,The Commissioner of Fun and Games / Madeline
Little Richard,Season 25 (1993-1994),https://community.fandom.com/wiki/Wikipedia:Little_Richard,Q82222,0005153,
Cheech Marin,Season 25 (1993-1994),https://community.fandom.com/wiki/Wikipedia:Cheech_Marin,Q73007,0001507,
Aaron Neville,Season 25 (1993-1994),https://community.fandom.com/wiki/Wikipedia:Aaron_Neville,Q302400,0005270,
The Neville Brothers,Season 25 (1993-1994),https://community.fandom.com/wiki/Wikipedia:The_Neville_Brothers,Q613059,,
Laraine Newman,Season 25 (1993-1994),https://community.fandom.com/wiki/Wikipedia:Laraine_Newman,Q446290,0628170,Flo Peep
Rosie O'Donnell,Season 25 (1993-1994),https://community.fandom.com/wiki/Wikipedia:Rosie_O%27Donnell,Q272929,0005280,
Arrested Development,Season 26 (1994-1995),https://community.fandom.com/wiki/Wikipedia:Arrested_Development_(group),Q699534,,
Katie Couric,Season 26 (1994-1995),https://community.fandom.com/wiki/Wikipedia:Katie_Couric,Q230739,0183698,
Celia Cruz,Season 26 (1994-1995),https://community.fandom.com/wiki/Wikipedia:Celia_Cruz,Q474045,0190272,
Dorothy Donegan,Season 26 (1994-1995),https://community.fandom.com/wiki/Wikipedia:Dorothy_Donegan,Q430888,0232392,
Rita Dove,Season 26 (1994-1995),https://community.fandom.com/wiki/Wikipedia:Rita_Dove,Q445740,,
Lassie,Season 26 (1994-1995),https://community.fandom.com/wiki/Wikipedia:Lassie,Q941640,,
Michael Messer,Season 26 (1994-1995),,,,
Mike Myers,Season 26 (1994-1995),https://community.fandom.com/wiki/Wikipedia:Mike_Myers,Q185724,0000196,
Samuel Ramey,Season 26 (1994-1995),https://community.fandom.com/wiki/Wikipedia:Samuel_Ramey,Q951556,,
Sinbad,Season 26 (1994-1995),https://community.fandom.com/wiki/Wikipedia:Sinbad_(comedian),Q558324,0005435,
Maduka Steady,Season 26 (1994-1995),,,,
Picabo Street,Season 26 (1994-1995),https://community.fandom.com/wiki/Wikipedia:Picabo_Street,Q10101,,
Amy Tan,Season 26 (1994-1995),https://community.fandom.com/wiki/Wikipedia:Amy_Tan,Q234989,,
Dance Theatre of Harlem,Season 26 (1994-1995),https://community.fandom.com/wiki/Wikipedia:Dance_Theatre_of_Harlem,Q5215207,,
Tony Bennett,Season 27 (1995-1996),https://community.fandom.com/wiki/Wikipedia:Tony_Bennett,Q296729,0004746,
Downtown Julie Brown,Season 27 (1995-1996),https://community.fandom.com/wiki/Wikipedia:Downtown_Julie_Brown,Q5303476,0113463,
Mary Chapin Carpenter,Season 27 (1995-1996),https://community.fandom.com/wiki/Wikipedia:Mary_Chapin_Carpenter,Q270765,0139414,
Ray Charles,Season 27 (1995-1996),https://community.fandom.com/wiki/Wikipedia:Ray_Charles,Q544387,0153124,
Ellen DeGeneres,Season 27 (1995-1996),https://community.fandom.com/wiki/Wikipedia:Ellen_DeGeneres,Q483325,0001122,
Laurence Fishburne,Season 27 (1995-1996),https://community.fandom.com/wiki/Wikipedia:Laurence_Fishburne,Q193048,0000401,
Julie Hagerty,Season 27 (1995-1996),https://community.fandom.com/wiki/Wikipedia:Julie_Hagerty,Q271440,0353546,Dr. Matthews
Michael Jeter,Season 27 (1995-1996),https://community.fandom.com/wiki/Wikipedia:Michael_Jeter,Q329716,0005052,"Mr. Noodle's Brother, Mr. Noodle / Mr. Noodle / Michael Tweeter"
Shari Lewis,Season 27 (1995-1996),https://community.fandom.com/wiki/Wikipedia:Shari_Lewis,Q440604,0507741,
Lamb Chop,Season 27 (1995-1996),https://community.fandom.com/wiki/Wikipedia:Lamb_Chop_(puppet),Q6481026,,
David Robinson,Season 27 (1995-1996),https://community.fandom.com/wiki/Wikipedia:David_Robinson_(basketball),Q211876,,
Spin Doctors,Season 27 (1995-1996),https://community.fandom.com/wiki/Wikipedia:Spin_Doctors,Q909483,,
"Sir Patrick Stewart, OBE",Season 27 (1995-1996),https://community.fandom.com/wiki/Wikipedia:Patrick_Stewart,Q16296,0001772,
[2],Season 27 (1995-1996),https://community.fandom.com/wiki/Wikipedia:Patrick_Stewart,Q16296,0001772,
Jason Alexander,Season 28 (1996-1997),https://community.fandom.com/wiki/Wikipedia:Jason_Alexander,Q311754,0004517,
Melissa Etheridge,Season 28 (1996-1997),https://community.fandom.com/wiki/Wikipedia:Melissa_Etheridge,Q270669,,
Whoopi Goldberg,Season 28 (1996-1997),https://community.fandom.com/wiki/Wikipedia:Whoopi_Goldberg,Q49001,0000155,
Wai Ching Ho,Season 28 (1996-1997),,,,
Bill Irwin,Season 28 (1996-1997),https://community.fandom.com/wiki/Wikipedia:Bill_Irwin,Q603317,0410347,Mr. Noodle / Professor Television / Air Mime / ...
Wynonna Judd,Season 28 (1996-1997),https://community.fandom.com/wiki/Wikipedia:Wynonna_Judd,Q465130,,
Mark Linn-Baker,Season 28 (1996-1997),https://community.fandom.com/wiki/Wikipedia:Mark_Linn-Baker,Q1366440,0513021,
Alice Liu,Season 28 (1996-1997),,,,
Lourdes López,Season 28 (1996-1997),,,,
Mark Morris,Season 28 (1996-1997),https://community.fandom.com/wiki/Wikipedia:Mark_Morris,Q6768942,,
Rosie O'Donnell,Season 28 (1996-1997),https://community.fandom.com/wiki/Wikipedia:Rosie_O%27Donnell,Q272929,0005280,
Nadja Salerno-Sonnenberg,Season 28 (1996-1997),https://community.fandom.com/wiki/Wikipedia:Nadja_Salerno-Sonnenberg,Q1976560,0758099,
Noah Wyle,Season 28 (1996-1997),https://community.fandom.com/wiki/Wikipedia:Noah_Wyle,Q315208,0001864,Dr. Corburn / Dr. Colburn
Erykah Badu,Season 29 (1997-1998),https://community.fandom.com/wiki/Wikipedia:Erykah_Badu,Q223875,0004721,
Tony Bennett,Season 29 (1997-1998),https://community.fandom.com/wiki/Wikipedia:Tony_Bennett,Q296729,0004746,
Tracy Chapman,Season 29 (1997-1998),https://community.fandom.com/wiki/Wikipedia:Tracy_Chapman,Q187814,,
Anthony Clark,Season 29 (1997-1998),https://community.fandom.com/wiki/Wikipedia:Anthony_Clark_(actor),Q4772274,0163659,
Ángel Corella,Season 29 (1997-1998),https://community.fandom.com/wiki/Wikipedia:%C3%81ngel_Corella,Q4762113,,
Dominique Dawes,Season 29 (1997-1998),https://community.fandom.com/wiki/Wikipedia:Dominique_Dawes,Q887677,1756301,
Céline Dion,Season 29 (1997-1998),https://community.fandom.com/wiki/Wikipedia:C%C3%A9line_Dion,Q5105,,
Doug E. Doug,Season 29 (1997-1998),https://community.fandom.com/wiki/Wikipedia:Doug_E._Doug,Q713640,0234791,
Dennis Franz,Season 29 (1997-1998),https://community.fandom.com/wiki/Wikipedia:Dennis_Franz,Q435271,0001240,Dennis Franz
Denyce Graves,Season 29 (1997-1998),https://community.fandom.com/wiki/Wikipedia:Denyce_Graves,Q432840,0336266,
Rebecca Lobo,Season 29 (1997-1998),https://community.fandom.com/wiki/Wikipedia:Rebecca_Lobo,Q459371,,
Robert MacNeil,Season 29 (1997-1998),https://community.fandom.com/wiki/Wikipedia:Robert_MacNeil,Q573648,,
Wynton Marsalis,Season 29 (1997-1998),https://community.fandom.com/wiki/Wikipedia:Wynton_Marsalis,Q273076,,
Mark McEwen,Season 29 (1997-1998),https://community.fandom.com/wiki/Wikipedia:Mark_McEwen,Q15485922,,
Bill Nye,Season 29 (1997-1998),https://community.fandom.com/wiki/Wikipedia:Bill_Nye,Q2619019,0638557,
Lynne Thigpen,Season 29 (1997-1998),https://community.fandom.com/wiki/Wikipedia:Lynne_Thigpen,Q449580,0858106,Wasa Training Officer / WASA Training Officer / Training Officer
Alice Walker,Season 29 (1997-1998),https://community.fandom.com/wiki/Wikipedia:Alice_Walker,Q215868,,
Maya Angelou,Season 30 (1998-1999),https://community.fandom.com/wiki/Wikipedia:Maya_Angelou,Q19526,0029723,
Garth Brooks,Season 30 (1998-1999),https://community.fandom.com/wiki/Wikipedia:Garth_Brooks,Q216288,0004779,
Rosemary Clooney,Season 30 (1998-1999),https://community.fandom.com/wiki/Wikipedia:Rosemary_Clooney,Q466508,0167041,
Terrell Davis,Season 30 (1998-1999),https://community.fandom.com/wiki/Wikipedia:Terrell_Davis,Q732266,,
Doug E. Doug,Season 30 (1998-1999),https://community.fandom.com/wiki/Wikipedia:Doug_E._Doug,Q713640,0234791,
Fran Drescher,Season 30 (1998-1999),https://community.fandom.com/wiki/Wikipedia:Fran_Drescher,Q230632,0000376,
Gloria Estefan,Season 30 (1998-1999),https://community.fandom.com/wiki/Wikipedia:Gloria_Estefan,Q184697,0002065,
Béla Fleck,Season 30 (1998-1999),https://community.fandom.com/wiki/Wikipedia:B%C3%A9la_Fleck,Q561390,,
Denyce Graves,Season 30 (1998-1999),https://community.fandom.com/wiki/Wikipedia:Denyce_Graves,Q432840,0336266,
Patti LaBelle,Season 30 (1998-1999),https://community.fandom.com/wiki/Wikipedia:Patti_LaBelle,Q31013,0479458,
Nathan Lane,Season 30 (1998-1999),https://community.fandom.com/wiki/Wikipedia:Nathan_Lane,Q491264,0001447,
Liam Neeson,Season 30 (1998-1999),https://community.fandom.com/wiki/Wikipedia:Liam_Neeson,Q58444,0000553,
Conan O'Brien,Season 30 (1998-1999),https://community.fandom.com/wiki/Wikipedia:Conan_O%27Brien,Q486740,0005277,
R.E.M.,Season 30 (1998-1999),https://community.fandom.com/wiki/Wikipedia:R.E.M._(band),Q134969,,
Ben Stiller,Season 30 (1998-1999),https://community.fandom.com/wiki/Wikipedia:Ben_Stiller,Q47100,0001774,
Trisha Yearwood,Season 30 (1998-1999),https://community.fandom.com/wiki/Wikipedia:Trisha_Yearwood,Q464251,0947075,
Margaret Cho,Season 31 (2000),https://community.fandom.com/wiki/Wikipedia:Margaret_Cho,Q257243,0158632,
Joan Cusack,Season 31 (2000),https://community.fandom.com/wiki/Wikipedia:Joan_Cusack,Q272946,0000349,
The Goo Goo Dolls,Season 31 (2000),https://community.fandom.com/wiki/Wikipedia:The_Goo_Goo_Dolls,Q730046,,
Faith Hill,Season 31 (2000),https://community.fandom.com/wiki/Wikipedia:Faith_Hill,Q464241,0005011,
Hootie & the Blowfish,Season 31 (2000),https://community.fandom.com/wiki/Wikipedia:Hootie_%26_the_Blowfish,Q1476499,,
Chaka Khan,Season 31 (2000),https://community.fandom.com/wiki/Wikipedia:Chaka_Khan,Q229498,,
Spike Lee,Season 31 (2000),https://community.fandom.com/wiki/Wikipedia:Spike_Lee,Q51566,0000490,
Tim McGraw,Season 31 (2000),https://community.fandom.com/wiki/Wikipedia:Tim_McGraw,Q356487,0005210,
Christopher Reeve,Season 31 (2000),https://community.fandom.com/wiki/Wikipedia:Christopher_Reeve,Q174311,0001659,
New York City Ballet,Season 31 (2000),https://community.fandom.com/wiki/Wikipedia:New_York_City_Ballet,Q1336942,,
Squirrel Nut Zippers,Season 31 (2000),https://community.fandom.com/wiki/Wikipedia:Squirrel_Nut_Zippers,Q1817585,3075758,
The Alvin Ailey American Dance Theater,Season 32 (2001),https://community.fandom.com/wiki/Wikipedia:The_Alvin_Ailey_American_Dance_Theater,Q449026,,
Ruth Ann Buzzi,Season 32 (2001),https://community.fandom.com/wiki/Wikipedia:Ruth_Buzzi,Q442250,0125651,Ruthie / Suzie Kabloozie / Feff / ...
Chuck Close,Season 32 (2001),https://community.fandom.com/wiki/Wikipedia:Chuck_Close,Q453883,,
Robert De Niro,Season 32 (2001),https://community.fandom.com/wiki/Wikipedia:Robert_De_Niro,Q36949,0000134,
Renée Fleming,Season 32 (2001),https://community.fandom.com/wiki/Wikipedia:Ren%C3%A9e_Fleming,Q165637,0281765,
Evelyn Glennie,Season 32 (2001),https://community.fandom.com/wiki/Wikipedia:Evelyn_Glennie,Q239275,,
Whoopi Goldberg,Season 32 (2001),https://community.fandom.com/wiki/Wikipedia:Whoopi_Goldberg,Q49001,0000155,
B. B. King,Season 32 (2001),https://community.fandom.com/wiki/Wikipedia:B._B._King,Q188969,0454475,B.B.
Diana Krall,Season 32 (2001),https://community.fandom.com/wiki/Wikipedia:Diana_Krall,Q155879,0005106,
Keb’ Mo’,Season 32 (2001),https://community.fandom.com/wiki/Wikipedia:Keb%27_Mo%27,Q1347072,1003850,
Al Roker,Season 32 (2001),https://community.fandom.com/wiki/Wikipedia:Al_Roker,Q3240869,0737963,
[2],Season 32 (2001),https://community.fandom.com/wiki/Wikipedia:Al_Roker,Q3240869,0737963,
Kofi Annan,Season 33 (2002),https://community.fandom.com/wiki/Wikipedia:Kofi_Annan,Q1254,,
Backstreet Boys,Season 33 (2002),https://community.fandom.com/wiki/Wikipedia:Backstreet_Boys,Q17140,,
Joshua Bell,Season 33 (2002),https://community.fandom.com/wiki/Wikipedia:Joshua_Bell,Q312792,0068310,
Kerry Butler,Season 33 (2002),https://community.fandom.com/wiki/Wikipedia:Kerry_Butler,Q6394485,0125013,Ms. Camp
Destiny's Child,Season 33 (2002),https://community.fandom.com/wiki/Wikipedia:Destiny%27s_Child,Q153056,1560213,
Dixie Chicks,Season 33 (2002),https://community.fandom.com/wiki/Wikipedia:Dixie_Chicks,Q142636,1202271,
Edie Falco,Season 33 (2002),https://community.fandom.com/wiki/Wikipedia:Edie_Falco,Q229034,0004908,
James Gandolfini,Season 33 (2002),https://community.fandom.com/wiki/Wikipedia:James_Gandolfini,Q308722,0001254,
David Alan Grier,Season 33 (2002),https://community.fandom.com/wiki/Wikipedia:David_Alan_Grier,Q562596,0004979,Aladdin
John Leguizamo,Season 33 (2002),https://community.fandom.com/wiki/Wikipedia:John_Leguizamo,Q295233,0000491,Captain Vegetable
Ray Romano,Season 33 (2002),https://community.fandom.com/wiki/Wikipedia:Ray_Romano,Q220836,0005380,
Jill Scott,Season 33 (2002),https://community.fandom.com/wiki/Wikipedia:Jill_Scott_(singer),Q232592,0779325,
[1],Season 33 (2002),https://community.fandom.com/wiki/Wikipedia:Jill_Scott_(singer),Q232592,0779325,
Wayne Brady,Season 34 (2003),https://community.fandom.com/wiki/Wikipedia:Wayne_Brady,Q1397155,0103750,
Laura Bush,Season 34 (2003),https://community.fandom.com/wiki/Wikipedia:Laura_Bush,Q152019,1197615,
Aaron Carter,Season 34 (2003),https://community.fandom.com/wiki/Wikipedia:Aaron_Carter,Q301818,0004809,
Nick Carter,Season 34 (2003),https://community.fandom.com/wiki/Wikipedia:Nick_Carter,Q214466,0141853,
Sheryl Crow,Season 34 (2003),https://community.fandom.com/wiki/Wikipedia:Sheryl_Crow,Q200586,0002028,
Natalie Portman,Season 34 (2003),https://community.fandom.com/wiki/Wikipedia:Natalie_Portman,Q37876,0000204,Natalie
Diane Sawyer,Season 34 (2003),https://community.fandom.com/wiki/Wikipedia:Diane_Sawyer,Q236402,0768154,
Joshua Bell,Season 35 (2004),https://community.fandom.com/wiki/Wikipedia:Joshua_Bell,Q312792,0068310,
Jason Biggs,Season 35 (2004),https://community.fandom.com/wiki/Wikipedia:Jason_Biggs,Q314421,0004755,
Amy Brenneman,Season 35 (2004),https://community.fandom.com/wiki/Wikipedia:Amy_Brenneman,Q232520,0000312,
Fernando Caldeiro,Season 35 (2004),https://community.fandom.com/wiki/Wikipedia:Fernando_Caldeiro,Q2315605,,
Stockard Channing,Season 35 (2004),https://community.fandom.com/wiki/Wikipedia:Stockard_Channing,Q1117390,0000330,Mad Painter's Victim
Cher,Season 35 (2004),https://community.fandom.com/wiki/Wikipedia:Cher,Q12003,0000333,
"Harry Connick, Jr.",Season 35 (2004),"https://community.fandom.com/wiki/Wikipedia:Harry_Connick,_Jr.",Q313755,0001065,
Harvey Fierstein,Season 35 (2004),https://community.fandom.com/wiki/Wikipedia:Harvey_Fierstein,Q446481,0001213,
Dennis Franz,Season 35 (2004),https://community.fandom.com/wiki/Wikipedia:Dennis_Franz,Q435271,0001240,Dennis Franz
Whoopi Goldberg,Season 35 (2004),https://community.fandom.com/wiki/Wikipedia:Whoopi_Goldberg,Q49001,0000155,
Carl Gordon,Season 35 (2004),https://community.fandom.com/wiki/Wikipedia:Carl_Gordon_(actor),Q2341270,0330064,Mr. Robinson
Seth Green,Season 35 (2004),https://community.fandom.com/wiki/Wikipedia:Seth_Green,Q186757,0001293,Mr. Robinson / Vinny
Allison Janney,Season 35 (2004),https://community.fandom.com/wiki/Wikipedia:Allison_Janney,Q229487,0005049,
Norah Jones,Season 35 (2004),https://community.fandom.com/wiki/Wikipedia:Norah_Jones,Q549981,1289528,
Larry King,Season 35 (2004),https://community.fandom.com/wiki/Wikipedia:Larry_King,Q213430,0005092,
Andrea Martin,Season 35 (2004),https://community.fandom.com/wiki/Wikipedia:Andrea_Martin,Q442309,0551908,The Lecture Lady / Wanda Falbo / Lecture Lady / ...
Martina McBride,Season 35 (2004),https://community.fandom.com/wiki/Wikipedia:Martina_McBride,Q256732,0005198,Martina
Phil McGraw,Season 35 (2004),https://community.fandom.com/wiki/Wikipedia:Phil_McGraw,Q204630,1114695,
Julianne Moore,Season 35 (2004),https://community.fandom.com/wiki/Wikipedia:Julianne_Moore,Q80405,0000194,
Natalie Portman,Season 35 (2004),https://community.fandom.com/wiki/Wikipedia:Natalie_Portman,Q37876,0000204,Natalie
Ruben Studdard,Season 35 (2004),https://community.fandom.com/wiki/Wikipedia:Ruben_Studdard,Q382266,1335861,
Buzz Aldrin,Season 36 (2005),https://community.fandom.com/wiki/Wikipedia:Buzz_Aldrin,Q2252,0004696,
India Arie Simpson,Season 36 (2005),https://community.fandom.com/wiki/Wikipedia:India.Arie,Q258750,,
Andrea Bocelli,Season 36 (2005),https://community.fandom.com/wiki/Wikipedia:Andrea_Bocelli,Q42402,0004765,
Wyclef Jean,Season 36 (2005),https://community.fandom.com/wiki/Wikipedia:Wyclef_Jean,Q202663,0419889,
Ken Jennings,Season 36 (2005),https://community.fandom.com/wiki/Wikipedia:Ken_Jennings,Q186,1668506,
Shirley Jones,Season 36 (2005),https://community.fandom.com/wiki/Wikipedia:Shirley_Jones,Q230218,0429250,Mother Goose
Alicia Keys,Season 36 (2005),https://community.fandom.com/wiki/Wikipedia:Alicia_Keys,Q121507,1006024,
Richard Kind,Season 36 (2005),https://community.fandom.com/wiki/Wikipedia:Richard_Kind,Q449959,0454236,Mr. Disgracey / Fairy Balloon Person
Alison Krauss,Season 36 (2005),https://community.fandom.com/wiki/Wikipedia:Alison_Krauss,Q371782,0470295,
Lang Lang,Season 36 (2005),https://community.fandom.com/wiki/Wikipedia:Lang_Lang_(pianist),Q155713,1496244,
National Theatre of the Deaf,Season 36 (2005),https://community.fandom.com/wiki/Wikipedia:National_Theatre_of_the_Deaf,Q1967764,,
Joe Torre,Season 36 (2005),https://community.fandom.com/wiki/Wikipedia:Joe_Torre,Q707804,0868380,
Jamie Foxx,Season 37 (2006),https://community.fandom.com/wiki/Wikipedia:Jamie_Foxx,Q171905,0004937,
T.R. Knight,Season 37 (2006),https://community.fandom.com/wiki/Wikipedia:T.R._Knight,Q40032,1165660,Private I
Shirley Jones,Season 37 (2006),https://community.fandom.com/wiki/Wikipedia:Shirley_Jones,Q230218,0429250,Mother Goose
Matt Lauer,Season 37 (2006),https://community.fandom.com/wiki/Wikipedia:Matt_Lauer,Q1100609,0005126,
John Legend,Season 37 (2006),https://community.fandom.com/wiki/Wikipedia:John_Legend,Q44857,1775466,
Amy Sedaris,Season 37 (2006),https://community.fandom.com/wiki/Wikipedia:Amy_Sedaris,Q262170,0781238,Snow White
"George Alexander ""Alex"" Trebek",Season 37 (2006),https://community.fandom.com/wiki/Wikipedia:Alex_Trebek,Q929985,0871618,
Lillias White,Season 37 (2006),,,,
Alec Baldwin,Season 38 (2007),https://community.fandom.com/wiki/Wikipedia:Alec_Baldwin,Q170572,0000285,
Tyra Banks,Season 38 (2007),https://community.fandom.com/wiki/Wikipedia:Tyra_Banks,Q172303,0004723,
James Blunt,Season 38 (2007),https://community.fandom.com/wiki/Wikipedia:James_Blunt,Q130799,1955540,
Miri Ben-Ari,Season 38 (2007),https://community.fandom.com/wiki/Wikipedia:Miri_Ben-Ari,Q269916,,
Richard Belzer,Season 38 (2007),https://community.fandom.com/wiki/Wikipedia:Richard_Belzer,Q542816,0001938,Man in Rowboat #1 / Man in Row Boat #1
Chris Brown,Season 38 (2007),https://community.fandom.com/wiki/Wikipedia:Chris_Brown,Q155700,2093097,
Anderson Cooper,Season 38 (2007),https://community.fandom.com/wiki/Wikipedia:Anderson_Cooper,Q316997,0177846,
Ann Curry,Season 38 (2007),https://community.fandom.com/wiki/Wikipedia:Ann_Curry,Q966379,0193041,
Ellen DeGeneres,Season 38 (2007),https://community.fandom.com/wiki/Wikipedia:Ellen_DeGeneres,Q483325,0001122,
Tina Fey,Season 38 (2007),https://community.fandom.com/wiki/Wikipedia:Tina_Fey,Q14540,0275486,Bookaneer Captain
Charles Gibson,Season 38 (2007),https://community.fandom.com/wiki/Wikipedia:Charles_Gibson,Q1656923,,
"Cuba Gooding, Jr.",Season 38 (2007),,,,
Mariska Hargitay,Season 38 (2007),,,,
Ice-T,Season 38 (2007),https://community.fandom.com/wiki/Wikipedia:Ice-T,Q309941,0001384,
Matt Lauer,Season 38 (2007),https://community.fandom.com/wiki/Wikipedia:Matt_Lauer,Q1100609,0005126,
Fred Newman,Season 38 (2007),https://community.fandom.com/wiki/Wikipedia:Fred_Newman_(actor),Q5495992,0628091,
Football players,Season 38 (2007),,,,
Chad Pennington,Season 38 (2007),https://community.fandom.com/wiki/Wikipedia:Chad_Pennington,Q936466,,
Howie Mandel,Season 38 (2007),https://community.fandom.com/wiki/Wikipedia:Howie_Mandel,Q1190974,0005177,
Christopher Meloni,Season 38 (2007),https://community.fandom.com/wiki/Wikipedia:Christopher_Meloni,Q380095,0005221,
Conan O'Brien,Season 38 (2007),https://community.fandom.com/wiki/Wikipedia:Conan_O%27Brien,Q486740,0005277,
Sarah Jessica Parker,Season 38 (2007),https://community.fandom.com/wiki/Wikipedia:Sarah_Jessica_Parker,Q170530,0000572,
Ahmad Rashād,Season 38 (2007),https://community.fandom.com/wiki/Wikipedia:Ahmad_Rash%C4%81d,Q7001278,0711116,
Rachael Ray,Season 38 (2007),https://community.fandom.com/wiki/Wikipedia:Rachael_Ray,Q257943,1301904,Rachael
Kelly Ripa,Season 38 (2007),https://community.fandom.com/wiki/Wikipedia:Kelly_Ripa,Q1148035,0727961,
Al Roker,Season 38 (2007),https://community.fandom.com/wiki/Wikipedia:Al_Roker,Q3240869,0737963,
Diane Sawyer,Season 38 (2007),https://community.fandom.com/wiki/Wikipedia:Diane_Sawyer,Q236402,0768154,
Jon Stewart,Season 38 (2007),https://community.fandom.com/wiki/Wikipedia:Jon_Stewart,Q211987,0829537,
Sugarland,Season 38 (2007),https://community.fandom.com/wiki/Wikipedia:Sugarland_(band),Q1200415,,
Meredith Vieira,Season 38 (2007),https://community.fandom.com/wiki/Wikipedia:Meredith_Vieira,Q434497,0896680,
Brian Williams,Season 38 (2007),https://community.fandom.com/wiki/Wikipedia:Brian_Williams,Q459695,,
Jessica Alba,Season 39 (2008),https://community.fandom.com/wiki/Wikipedia:Jessica_Alba,Q44077,0004695,
Will Arnett,Season 39 (2008),https://community.fandom.com/wiki/Wikipedia:Will_Arnett,Q355116,0004715,Max the Magician
David Beckham,Season 39 (2008),https://community.fandom.com/wiki/Wikipedia:David_Beckham,Q10520,0065743,
Jack Black,Season 39 (2008),https://community.fandom.com/wiki/Wikipedia:Jack_Black,Q483907,0085312,
Kim Cattrall,Season 39 (2008),https://community.fandom.com/wiki/Wikipedia:Kim_Cattrall,Q209175,0000326,
Lorena Feijóo,Season 39 (2008),,,,
Leslie Feist,Season 39 (2008),https://community.fandom.com/wiki/Wikipedia:Leslie_Feist,Q229735,1967893,
Gilbert Gottfried,Season 39 (2008),https://community.fandom.com/wiki/Wikipedia:Gilbert_Gottfried,Q221464,0331906,Denny the Distracter
H.A.V.I.C Squared,Season 39 (2008),,,,
Neil Patrick Harris,Season 39 (2008),https://community.fandom.com/wiki/Wikipedia:Neil_Patrick_Harris,Q485310,0000439,The Fairy Shoeperson
Jonah Hill,Season 39 (2008),https://community.fandom.com/wiki/Wikipedia:Jonah_Hill,Q313388,1706767,
Randy Jackson,Season 39 (2008),https://community.fandom.com/wiki/Wikipedia:Randy_Jackson,Q337521,1193098,
Heidi Klum,Season 39 (2008),https://community.fandom.com/wiki/Wikipedia:Heidi_Klum,Q60036,0005099,
James Todd Smith,Season 39 (2008),https://community.fandom.com/wiki/Wikipedia:LL_Cool_J,Q52440,0005112,
Jenny McCarthy,Season 39 (2008),https://community.fandom.com/wiki/Wikipedia:Jenny_McCarthy,Q230993,0000189,
Megan Mullally,Season 39 (2008),https://community.fandom.com/wiki/Wikipedia:Megan_Mullally,Q234137,0005259,
Sandra Oh,Season 39 (2008),https://community.fandom.com/wiki/Wikipedia:Sandra_Oh,Q40337,0644897,The Cookie Fairy
Mike Rowe,Season 39 (2008),https://community.fandom.com/wiki/Wikipedia:Mike_Rowe,Q455808,1192046,
Molly Shannon,Season 39 (2008),https://community.fandom.com/wiki/Wikipedia:Molly_Shannon,Q239145,0788340,
Jason Taylor,Season 39 (2008),https://community.fandom.com/wiki/Wikipedia:Jason_Taylor_(American_football),Q2786087,,
Tilly and the Wall,Season 39 (2008),https://community.fandom.com/wiki/Wikipedia:Tilly_and_the_Wall,Q2030965,,
Patrick Warburton,Season 39 (2008),https://community.fandom.com/wiki/Wikipedia:Patrick_Warburton,Q343564,0911320,
Brian Williams,Season 39 (2008),https://community.fandom.com/wiki/Wikipedia:Brian_Williams,Q459695,,
Chandra Wilson,Season 39 (2008),https://community.fandom.com/wiki/Wikipedia:Chandra_Wilson,Q40090,0933156,
Sara Bareilles,Season 46 (2016),https://community.fandom.com/wiki/Wikipedia:Sara_Bareilles,Q230445,1679561,
Aloe Blacc,Season 46 (2016),https://community.fandom.com/wiki/Wikipedia:Aloe_Blacc,Q49319,3945456,
Alan Cumming,Season 46 (2016),https://community.fandom.com/wiki/Wikipedia:Alan_Cumming,Q316629,0001086,
Fifth Harmony,Season 46 (2016),,,,
Nick Jonas,Season 46 (2016),https://community.fandom.com/wiki/Wikipedia:Nick_Jonas,Q201656,2679917,
Ne-Yo,Season 46 (2016),https://community.fandom.com/wiki/Wikipedia:Ne-Yo,Q193710,1666212,
Pharrell Williams,Season 46 (2016),,,,
Gina Rodriguez,Season 46 (2016),https://community.fandom.com/wiki/Wikipedia:Gina_Rodriguez,Q16729296,1752221,
Tracee Ellis Ross,Season 46 (2016),https://community.fandom.com/wiki/Wikipedia:Tracee_Ellis_Ross,Q534371,0743896,
Gwen Stefani,Season 46 (2016),https://community.fandom.com/wiki/Wikipedia:Gwen_Stefani,Q483379,0005461,
Leon Bridges,Season 48 (2017-2018),https://community.fandom.com/wiki/Wikipedia:Leon_Bridges,Q19364967,,
Alessia Caracciolo,Season 48 (2017-2018),https://community.fandom.com/wiki/Wikipedia:Alessia_Cara,Q20090091,7487200,
Ilana Glazer,Season 48 (2017-2018),https://community.fandom.com/wiki/Wikipedia:Ilana_Glazer,Q16730037,4477261,
Ellie Goulding,Season 48 (2017-2018),https://community.fandom.com/wiki/Wikipedia:Ellie_Goulding,Q31164,3716110,Ellie Goulding
Josh Groban,Season 48 (2017-2018),https://community.fandom.com/wiki/Wikipedia:Josh_Groban,Q218083,1169011,
Laurie Hernandez,Season 48 (2017-2018),https://community.fandom.com/wiki/Wikipedia:Laurie_Hernandez,Q15710550,,
Padma Lakshmi,Season 48 (2017-2018),https://community.fandom.com/wiki/Wikipedia:Padma_Lakshmi,Q464835,0482290,
John Legend,Season 48 (2017-2018),https://community.fandom.com/wiki/Wikipedia:John_Legend,Q44857,1775466,
Lucy Liu,Season 48 (2017-2018),https://community.fandom.com/wiki/Wikipedia:Lucy_Liu,Q188375,0005154,Guest Star
Kate McKinnon,Season 48 (2017-2018),https://community.fandom.com/wiki/Wikipedia:Kate_McKinnon,Q723057,0571952,
Christina Applegate,Season 40 (2009-2010),https://community.fandom.com/wiki/Wikipedia:Christina_Applegate,Q188280,0000775,
Patricia Arquette,Season 40 (2009-2010),https://community.fandom.com/wiki/Wikipedia:Patricia_Arquette,Q215976,0000099,
Tiki Barber,Season 40 (2009-2010),https://community.fandom.com/wiki/Wikipedia:Tiki_Barber,Q638847,,
Kobe Bryant,Season 40 (2009-2010),https://community.fandom.com/wiki/Wikipedia:Kobe_Bryant,Q25369,1101483,
Cameron Diaz,Season 40 (2009-2010),https://community.fandom.com/wiki/Wikipedia:Cameron_Diaz,Q44380,0000139,
Cedric the Entertainer,Season 40 (2009-2010),https://community.fandom.com/wiki/Wikipedia:Cedric_the_Entertainer,Q492327,0147825,
Jimmy Fallon,Season 40 (2009-2010),https://community.fandom.com/wiki/Wikipedia:Jimmy_Fallon,Q335680,0266422,
Rocco Fiorentino,Season 40 (2009-2010),,,,
Matthew Fox,Season 40 (2009-2010),https://community.fandom.com/wiki/Wikipedia:Matthew_Fox,Q185554,0289142,
Brendan Fraser,Season 40 (2009-2010),https://community.fandom.com/wiki/Wikipedia:Brendan_Fraser,Q193555,0000409,
Judah Friedlander,Season 40 (2009-2010),https://community.fandom.com/wiki/Wikipedia:Judah_Friedlander,Q71130,0295103,Inspector 4
Jennie Garth,Season 40 (2009-2010),https://community.fandom.com/wiki/Wikipedia:Jennie_Garth,Q230015,0001259,Jennie Garth
Ricky Gervais,Season 40 (2009-2010),https://community.fandom.com/wiki/Wikipedia:Ricky_Gervais,Q23517,0315041,Ricky Gervais
Jeff Gordon,Season 40 (2009-2010),https://community.fandom.com/wiki/Wikipedia:Jeff_Gordon,Q313565,0330298,
Adrian Grenier,Season 40 (2009-2010),https://community.fandom.com/wiki/Wikipedia:Adrian_Grenier,Q240869,0004978,
Jake Gyllenhaal,Season 40 (2009-2010),https://community.fandom.com/wiki/Wikipedia:Jake_Gyllenhaal,Q133313,0350453,
Maggie Gyllenhaal,Season 40 (2009-2010),https://community.fandom.com/wiki/Wikipedia:Maggie_Gyllenhaal,Q202381,0350454,
Elisabeth Hasselbeck,Season 40 (2009-2010),https://community.fandom.com/wiki/Wikipedia:Elisabeth_Hasselbeck,Q449837,,
"Anthony ""Tony"" Hawk",Season 40 (2009-2010),https://community.fandom.com/wiki/Wikipedia:Tony_Hawk,Q295020,0005000,
Hugh Jackman,Season 40 (2009-2010),https://community.fandom.com/wiki/Wikipedia:Hugh_Jackman,Q129591,0413168,
Greg Kinnear,Season 40 (2009-2010),https://community.fandom.com/wiki/Wikipedia:Greg_Kinnear,Q269869,0001427,
Julianna Margulies,Season 40 (2009-2010),https://community.fandom.com/wiki/Wikipedia:Julianna_Margulies,Q229714,0000523,Dr. Berger
Kermit the Frog,Season 40 (2009-2010),,,,
"David ""Ziggy"" Marley",Season 40 (2009-2010),https://community.fandom.com/wiki/Wikipedia:Ziggy_Marley,Q199418,0005187,
Debi Mazar,Season 40 (2009-2010),https://community.fandom.com/wiki/Wikipedia:Debi_Mazar,Q238671,0000529,
Debra Messing,Season 40 (2009-2010),https://community.fandom.com/wiki/Wikipedia:Debra_Messing,Q228739,0005226,
Lin-Manuel Miranda,Season 40 (2009-2010),https://community.fandom.com/wiki/Wikipedia:Lin-Manuel_Miranda,Q1646482,0592135,Lamb-Manuel / Freddy Flapman
Jason Mraz,Season 40 (2009-2010),https://community.fandom.com/wiki/Wikipedia:Jason_Mraz,Q192515,0610669,
Michelle Obama,Season 40 (2009-2010),https://community.fandom.com/wiki/Wikipedia:Michelle_Obama,Q13133,2349292,
Nancy O'Dell,Season 40 (2009-2010),https://community.fandom.com/wiki/Wikipedia:Nancy_O%27Dell,Q3335599,,
Eva Longoria,Season 40 (2009-2010),https://community.fandom.com/wiki/Wikipedia:Eva_Longoria,Q163263,0519456,
Sarah Jessica Parker,Season 40 (2009-2010),https://community.fandom.com/wiki/Wikipedia:Sarah_Jessica_Parker,Q170530,0000572,
Paul Rudd,Season 40 (2009-2010),https://community.fandom.com/wiki/Wikipedia:Paul_Rudd,Q276525,0748620,
Adam Sandler,Season 40 (2009-2010),https://community.fandom.com/wiki/Wikipedia:Adam_Sandler,Q132952,0001191,
Meredith Vieira,Season 40 (2009-2010),https://community.fandom.com/wiki/Wikipedia:Meredith_Vieira,Q434497,0896680,
will.i.am,Season 41 (2010),https://community.fandom.com/wiki/Wikipedia:Will.i.am,Q185610,1443238,
Jason Bateman,Season 41 (2010),https://community.fandom.com/wiki/Wikipedia:Jason_Bateman,Q284636,0000867,
Julie Bowen,Season 41 (2010),https://community.fandom.com/wiki/Wikipedia:Julie_Bowen,Q40248,0100866,
Alton Brown,Season 41 (2010),https://community.fandom.com/wiki/Wikipedia:Alton_Brown,Q4736872,0113002,Elmo Slide Dancer
Ty Burrell,Season 41 (2010),https://community.fandom.com/wiki/Wikipedia:Ty_Burrell,Q248179,0123092,
Reggie Bush,Season 41 (2010),https://community.fandom.com/wiki/Wikipedia:Reggie_Bush,Q555271,2095796,
Taye Diggs,Season 41 (2010),https://community.fandom.com/wiki/Wikipedia:Taye_Diggs,Q534006,0004875,Taye Diggs
Kara DioGuardi,Season 41 (2010),https://community.fandom.com/wiki/Wikipedia:Kara_DioGuardi,Q231530,1291934,
Anna Faris,Season 41 (2010),https://community.fandom.com/wiki/Wikipedia:Anna_Faris,Q4491,0267506,
Colin Farrell,Season 41 (2010),https://community.fandom.com/wiki/Wikipedia:Colin_Farrell,Q172035,0268199,
Jennifer Garner,Season 41 (2010),https://community.fandom.com/wiki/Wikipedia:Jennifer_Garner,Q172044,0004950,
Rachel Griffiths,Season 41 (2010),https://community.fandom.com/wiki/Wikipedia:Rachel_Griffiths,Q181140,0341737,
Samantha Harris,Season 41 (2010),https://community.fandom.com/wiki/Wikipedia:Samantha_Harris,Q534183,0365300,
Terrence Howard,Season 41 (2010),https://community.fandom.com/wiki/Wikipedia:Terrence_Howard,Q296500,0005024,Elmo Slide Dancer
Jude Law,Season 41 (2010),https://community.fandom.com/wiki/Wikipedia:Jude_Law,Q160432,0000179,
Michael McKean,Season 41 (2010),https://community.fandom.com/wiki/Wikipedia:Michael_McKean,Q1384181,0571106,Vergil Von Vivaldi
Idina Menzel,Season 41 (2010),https://community.fandom.com/wiki/Wikipedia:Idina_Menzel,Q157400,0579953,
Natalie Morales,Season 41 (2010),https://community.fandom.com/wiki/Wikipedia:Natalie_Morales_(journalist),Q2617927,1293847,
Chris O'Donnell,Season 41 (2010),https://community.fandom.com/wiki/Wikipedia:Chris_O%27Donnell,Q107069,0000563,
Jim Parsons,Season 41 (2010),https://community.fandom.com/wiki/Wikipedia:Jim_Parsons,Q190972,1433588,
Amy Poehler,Season 41 (2010),https://community.fandom.com/wiki/Wikipedia:Amy_Poehler,Q230203,0688132,
Ellen Pompeo,Season 41 (2010),https://community.fandom.com/wiki/Wikipedia:Ellen_Pompeo,Q215849,0690186,
Ryan Reynolds,Season 41 (2010),https://community.fandom.com/wiki/Wikipedia:Ryan_Reynolds,Q192682,0005351,
Rebecca Romijn,Season 41 (2010),https://community.fandom.com/wiki/Wikipedia:Rebecca_Romijn,Q202792,0005381,
Rev Run,Season 41 (2010),,,,
Zoe Saldana,Season 41 (2010),https://community.fandom.com/wiki/Wikipedia:Zoe_Saldana,Q190162,0757855,
Kyra Sedgwick,Season 41 (2010),https://community.fandom.com/wiki/Wikipedia:Kyra_Sedgwick,Q229572,0001718,Camouflage Carla
Sherri Shepherd,Season 41 (2010),https://community.fandom.com/wiki/Wikipedia:Sherri_Shepherd,Q268549,0791868,
Wanda Sykes,Season 41 (2010),https://community.fandom.com/wiki/Wikipedia:Wanda_Sykes,Q237194,0843100,
LaDainian Tomlinson,Season 41 (2010),https://community.fandom.com/wiki/Wikipedia:LaDainian_Tomlinson,Q537463,,
Usher,Season 41 (2010),https://community.fandom.com/wiki/Wikipedia:Usher_(entertainer),Q165911,0713378,Usher / Elmo Slide Dancer
Soichi Noguchi,Season 41 (2010),https://community.fandom.com/wiki/Wikipedia:Soichi_Noguchi,Q357450,,
Adam Rodriguez,Season 42 (2011-2012),https://community.fandom.com/wiki/Wikipedia:Adam_Rodriguez,Q350746,0735226,Detective Alfie Betts
Amar'e Carsares Stoudemire,Season 42 (2011-2012),https://community.fandom.com/wiki/Wikipedia:Amar%27e_Stoudemire,Q270981,,
Amy Adams,Season 42 (2011-2012),,,,
Andy Samberg,Season 42 (2011-2012),https://community.fandom.com/wiki/Wikipedia:Andy_Samberg,Q314640,1676221,
Ballet Hispanico,Season 42 (2011-2012),https://community.fandom.com/wiki/Wikipedia:Ballet_Hispanico,Q4851635,,
Bruno Mars,Season 42 (2011-2012),https://community.fandom.com/wiki/Wikipedia:Bruno_Mars,Q1450,3960069,
Carmelo Kiyan Anthony,Season 42 (2011-2012),https://community.fandom.com/wiki/Wikipedia:Carmelo_Anthony,Q129041,1630931,
Conan O'Brien,Season 42 (2011-2012),https://community.fandom.com/wiki/Wikipedia:Conan_O%27Brien,Q486740,0005277,
Craig Ferguson,Season 42 (2011-2012),https://community.fandom.com/wiki/Wikipedia:Craig_Ferguson,Q72867,0272401,
Drew Brees,Season 42 (2011-2012),https://community.fandom.com/wiki/Wikipedia:Drew_Brees,Q38952,,
Elvis Costello,Season 42 (2011-2012),https://community.fandom.com/wiki/Wikipedia:Elvis_Costello,Q206939,0004845,
Emma Stone,Season 42 (2011-2012),https://community.fandom.com/wiki/Wikipedia:Emma_Stone,Q147077,1297015,
George Lopez,Season 42 (2011-2012),https://community.fandom.com/wiki/Wikipedia:George_Lopez,Q73035,0520064,
Gustavo Dudamel,Season 42 (2011-2012),https://community.fandom.com/wiki/Wikipedia:Gustavo_Dudamel,Q160390,2281593,
James Paul Marsden,Season 42 (2011-2012),https://community.fandom.com/wiki/Wikipedia:James_Marsden,Q485901,0005188,
Jason Jones,Season 42 (2011-2012),https://community.fandom.com/wiki/Wikipedia:Jason_Jones_(actor),Q1255263,0428319,Professor Nikola Messla / Professor Messla
Jason Schwartzman,Season 42 (2011-2012),https://community.fandom.com/wiki/Wikipedia:Jason_Schwartzman,Q313705,0005403,Super Chef
Jay Sean,Season 42 (2011-2012),https://community.fandom.com/wiki/Wikipedia:Jay_Sean,Q294907,1915047,
Jerry O'Connell,Season 42 (2011-2012),https://community.fandom.com/wiki/Wikipedia:Jerry_O%27Connell,Q378672,0005278,
Jesse Tyler Ferguson,Season 42 (2011-2012),https://community.fandom.com/wiki/Wikipedia:Jesse_Tyler_Ferguson,Q455781,0272479,
Jimmy Kimmel,Season 42 (2011-2012),https://community.fandom.com/wiki/Wikipedia:Jimmy_Kimmel,Q4914,0453994,
Joel McHale,Season 42 (2011-2012),https://community.fandom.com/wiki/Wikipedia:Joel_McHale,Q311993,0570364,
John Burke Krasinski,Season 42 (2011-2012),https://community.fandom.com/wiki/Wikipedia:John_Krasinski,Q313039,1024677,
Johnny Galecki,Season 42 (2011-2012),https://community.fandom.com/wiki/Wikipedia:Johnny_Galecki,Q295739,0301959,
Juanes,Season 42 (2011-2012),https://community.fandom.com/wiki/Wikipedia:Juanes,Q43189,,
Ken Jeong,Season 42 (2011-2012),https://community.fandom.com/wiki/Wikipedia:Ken_Jeong,Q440910,0421822,
Liev Schreiber,Season 42 (2011-2012),https://community.fandom.com/wiki/Wikipedia:Liev_Schreiber,Q298368,0000630,
Maria Menounos,Season 42 (2011-2012),https://community.fandom.com/wiki/Wikipedia:Maria_Menounos,Q233618,1172764,
Mark Ruffalo,Season 42 (2011-2012),https://community.fandom.com/wiki/Wikipedia:Mark_Ruffalo,Q41422,0749263,
Michelle Monaghan,Season 42 (2011-2012),https://community.fandom.com/wiki/Wikipedia:Michelle_Monaghan,Q229112,1157358,
Mila Kunis,Season 42 (2011-2012),https://community.fandom.com/wiki/Wikipedia:Mila_Kunis,Q37628,0005109,
Naomi Ellen Watts,Season 42 (2011-2012),https://community.fandom.com/wiki/Wikipedia:Naomi_Watts,Q132616,0915208,
Nicole Kidman,Season 42 (2011-2012),https://community.fandom.com/wiki/Wikipedia:Nicole_Kidman,Q37459,0000173,
OK Go,Season 42 (2011-2012),https://community.fandom.com/wiki/Wikipedia:OK_Go,Q736107,2037328,
Rico Rodriguez,Season 42 (2011-2012),https://community.fandom.com/wiki/Wikipedia:Rico_Rodriguez_(actor),Q552090,2349726,
Robin Williams,Season 42 (2011-2012),https://community.fandom.com/wiki/Wikipedia:Robin_Williams,Q83338,0000245,
Samantha Bee,Season 42 (2011-2012),https://community.fandom.com/wiki/Wikipedia:Samantha_Bee,Q4273978,1200650,Mother Goose
Seth Rogen,Season 42 (2011-2012),https://community.fandom.com/wiki/Wikipedia:Seth_Rogen,Q220308,0736622,
Sofía Vergara,Season 42 (2011-2012),https://community.fandom.com/wiki/Wikipedia:Sof%C3%ADa_Vergara,Q231911,0005527,
Sonia Sotomayor,Season 42 (2011-2012),https://community.fandom.com/wiki/Wikipedia:Sonia_Sotomayor,Q11107,,
Sutton Foster,Season 42 (2011-2012),https://community.fandom.com/wiki/Wikipedia:Sutton_Foster,Q3011954,1900397,
The Harlem Globetrotters,Season 42 (2011-2012),https://community.fandom.com/wiki/Wikipedia:The_Harlem_Globetrotters,Q506754,,
Halle Berry,Season 43 (2012-2013),https://community.fandom.com/wiki/Wikipedia:Halle_Berry,Q1033016,0000932,
Don Cheadle,Season 43 (2012-2013),,,,
Amy Ryan,Season 43 (2012-2013),https://community.fandom.com/wiki/Wikipedia:Amy_Ryan,Q231203,0752407,
Casey Affleck,Season 43 (2012-2013),https://community.fandom.com/wiki/Wikipedia:Casey_Affleck,Q270730,0000729,
Melissa McCarthy,Season 43 (2012-2013),https://community.fandom.com/wiki/Wikipedia:Melissa_McCarthy,Q229048,0565250,
Steve Carell,Season 43 (2012-2013),https://community.fandom.com/wiki/Wikipedia:Steve_Carell,Q216221,0136797,
Kellan Lutz,Season 43 (2012-2013),https://community.fandom.com/wiki/Wikipedia:Kellan_Lutz,Q235707,1553725,
Kareem Abdul-Jabbar,Season 43 (2012-2013),https://community.fandom.com/wiki/Wikipedia:Kareem_Abdul-Jabbar,Q179051,0000717,
Joseph Gordon-Levitt,Season 43 (2012-2013),https://community.fandom.com/wiki/Wikipedia:Joseph_Gordon-Levitt,Q177311,0330687,
David Hyde Pierce,Season 43 (2012-2013),https://community.fandom.com/wiki/Wikipedia:David_Hyde_Pierce,Q373976,0001383,Commander Chiphead
Timothy Olyphant,Season 43 (2012-2013),https://community.fandom.com/wiki/Wikipedia:Timothy_Olyphant,Q309835,0648249,
Maya Rudolph,Season 43 (2012-2013),https://community.fandom.com/wiki/Wikipedia:Maya_Rudolph,Q236527,0748973,
Eric Stonestreet,Season 43 (2012-2013),https://community.fandom.com/wiki/Wikipedia:Eric_Stonestreet,Q508043,0832314,
Jon Hamm,Season 43 (2012-2013),https://community.fandom.com/wiki/Wikipedia:Jon_Hamm,Q313107,0358316,
Jay Mohr,Season 43 (2012-2013),https://community.fandom.com/wiki/Wikipedia:Jay_Mohr,Q492321,0001542,
Bobby Moynihan,Season 43 (2012-2013),https://community.fandom.com/wiki/Wikipedia:Bobby_Moynihan,Q2907990,1293885,Quacker Duck Man
Zac Efron,Season 43 (2012-2013),https://community.fandom.com/wiki/Wikipedia:Zac_Efron,Q45229,1374980,
Ed Helms,Season 43 (2012-2013),https://community.fandom.com/wiki/Wikipedia:Ed_Helms,Q328790,1159180,
Kristen Bell,Season 43 (2012-2013),https://community.fandom.com/wiki/Wikipedia:Kristen_Bell,Q178882,0068338,
Paula Patton,Season 43 (2012-2013),https://community.fandom.com/wiki/Wikipedia:Paula_Patton,Q233213,1745736,
Dax Shepard,Season 43 (2012-2013),https://community.fandom.com/wiki/Wikipedia:Dax_Shepard,Q462354,1009277,
Blake Griffin,Season 43 (2012-2013),https://community.fandom.com/wiki/Wikipedia:Blake_Griffin,Q309783,,
Donald Glover,Season 43 (2012-2013),https://community.fandom.com/wiki/Wikipedia:Donald_Glover,Q1239933,2255973,LMNOP
Tim Gunn,Season 43 (2012-2013),https://community.fandom.com/wiki/Wikipedia:Tim_Gunn,Q978646,2125540,William 'Bill' Ding
Matt Kemp,Season 43 (2012-2013),https://community.fandom.com/wiki/Wikipedia:Matt_Kemp,Q746914,,
Mario Lopez,Season 43 (2012-2013),https://community.fandom.com/wiki/Wikipedia:Mario_Lopez,Q372559,0530249,Mario
Wendy Williams,Season 43 (2012-2013),https://community.fandom.com/wiki/Wikipedia:Wendy_Williams,Q618233,1829292,
Colbie Caillat,Season 43 (2012-2013),https://community.fandom.com/wiki/Wikipedia:Colbie_Caillat,Q228860,,
Train,Season 43 (2012-2013),https://community.fandom.com/wiki/Wikipedia:Train_(band),Q282531,,
Common,Season 43 (2012-2013),https://community.fandom.com/wiki/Wikipedia:Common_(rapper),Q286022,0996669,
Sonia Sotomayor,Season 43 (2012-2013),https://community.fandom.com/wiki/Wikipedia:Sonia_Sotomayor,Q11107,,
Audra McDonald,Season 43 (2012-2013),https://community.fandom.com/wiki/Wikipedia:Audra_McDonald,Q267676,0567653,Chicken
Bollywood Axion,Season 43 (2012-2013),,,,
Alan Gilbert,Season 43 (2012-2013),https://community.fandom.com/wiki/Wikipedia:Alan_Gilbert_(conductor),Q673146,,
Joseph Herscher,Season 43 (2012-2013),,,,
Hip Hop Juggler,Season 43 (2012-2013),,,,
Richard Kind,Season 43 (2012-2013),https://community.fandom.com/wiki/Wikipedia:Richard_Kind,Q449959,0454236,Mr. Disgracey / Fairy Balloon Person
Isabel Leonard,Season 43 (2012-2013),https://community.fandom.com/wiki/Wikipedia:Isabel_Leonard,Q6077673,,
Hank Azaria,Season 44 (2013-2014),https://community.fandom.com/wiki/Wikipedia:Hank_Azaria,Q202056,0000279,
Tom Bergeron,Season 44 (2013-2014),https://community.fandom.com/wiki/Wikipedia:Tom_Bergeron,Q2723933,0074477,
Benjamin Bratt,Season 44 (2013-2014),https://community.fandom.com/wiki/Wikipedia:Benjamin_Bratt,Q73362,0000973,
Henry Cavill,Season 44 (2013-2014),https://community.fandom.com/wiki/Wikipedia:Henry_Cavill,Q295498,0147147,
John Cho,Season 44 (2013-2014),https://community.fandom.com/wiki/Wikipedia:John_Cho,Q312705,0158626,
Peter Dinklage,Season 44 (2013-2014),https://community.fandom.com/wiki/Wikipedia:Peter_Dinklage,Q310937,0227759,Simon
Josh Gad,Season 44 (2013-2014),https://community.fandom.com/wiki/Wikipedia:Josh_Gad,Q1190319,1265802,Vincent Van Stop
Billy Gardell,Season 44 (2013-2014),https://community.fandom.com/wiki/Wikipedia:Billy_Gardell,Q563569,0974080,
Sarah Michelle Gellar,Season 44 (2013-2014),https://community.fandom.com/wiki/Wikipedia:Sarah_Michelle_Gellar,Q180665,0001264,
Ginnifer Goodwin,Season 44 (2013-2014),https://community.fandom.com/wiki/Wikipedia:Ginnifer_Goodwin,Q109522,0329481,
Lauren Graham,Season 44 (2013-2014),https://community.fandom.com/wiki/Wikipedia:Lauren_Graham,Q228755,0334179,
Lena Headey,Season 44 (2013-2014),,,,
Dwight Howard,Season 44 (2013-2014),https://community.fandom.com/wiki/Wikipedia:Dwight_Howard,Q25278,,
Anna Kendrick,Season 44 (2013-2014),https://community.fandom.com/wiki/Wikipedia:Anna_Kendrick,Q67701,0447695,
Evan Lysacek,Season 44 (2013-2014),https://community.fandom.com/wiki/Wikipedia:Evan_Lysacek,Q299225,2157442,
J.R. Martinez,Season 44 (2013-2014),https://community.fandom.com/wiki/Wikipedia:J.R._Martinez,Q3246618,3210615,
Dave Matthews,Season 44 (2013-2014),https://community.fandom.com/wiki/Wikipedia:Dave_Matthews,Q380381,0559986,
Jessica Mauboy,Season 44 (2013-2014),https://community.fandom.com/wiki/Wikipedia:Jessica_Mauboy,Q443892,2371735,
Audra McDonald,Season 44 (2013-2014),https://community.fandom.com/wiki/Wikipedia:Audra_McDonald,Q267676,0567653,Chicken
Kunal Nayyar,Season 44 (2013-2014),,,,
Pentatonix,Season 44 (2013-2014),https://community.fandom.com/wiki/Wikipedia:Pentatonix,Q3374926,5266637,
Tyler Perry,Season 44 (2013-2014),https://community.fandom.com/wiki/Wikipedia:Tyler_Perry,Q686301,1347153,
Troy Polamalu,Season 44 (2013-2014),https://community.fandom.com/wiki/Wikipedia:Troy_Polamalu,Q715572,2290509,
Albert Pujols,Season 44 (2013-2014),https://community.fandom.com/wiki/Wikipedia:Albert_Pujols,Q148726,,
Romeo Santos,Season 44 (2013-2014),https://community.fandom.com/wiki/Wikipedia:Romeo_Santos,Q2570042,,
Cobie Smulders,Season 44 (2013-2014),https://community.fandom.com/wiki/Wikipedia:Cobie_Smulders,Q200566,1130627,
Charlize Theron,Season 44 (2013-2014),,,,
Usher,Season 44 (2013-2014),https://community.fandom.com/wiki/Wikipedia:Usher_(entertainer),Q165911,0713378,Usher / Elmo Slide Dancer
Rutina Wesley,Season 44 (2013-2014),https://community.fandom.com/wiki/Wikipedia:Rutina_Wesley,Q40117,2179180,
Jesse Williams,Season 44 (2013-2014),https://community.fandom.com/wiki/Wikipedia:Jesse_Williams_(actor),Q40046,0930898,
Forest Whitaker,Season 44 (2013-2014),https://community.fandom.com/wiki/Wikipedia:Forest_Whitaker,Q182763,0001845,
Aziz Ansari,Season 45 (2014-2015),,,,
Emily Blunt,Season 45 (2014-2015),https://community.fandom.com/wiki/Wikipedia:Emily_Blunt,Q193517,1289434,
Zach Braff,Season 45 (2014-2015),https://community.fandom.com/wiki/Wikipedia:Zach_Braff,Q139330,0103785,
Michael Bublé,Season 45 (2014-2015),https://community.fandom.com/wiki/Wikipedia:Michael_Bubl%C3%A9,Q153694,0117826,
Andy Cohen,Season 45 (2014-2015),https://community.fandom.com/wiki/Wikipedia:Andy_Cohen,Q2014922,1565702,
O'Shea Jackson,Season 45 (2014-2015),https://community.fandom.com/wiki/Wikipedia:Ice_Cube,Q173637,0001084,
Terry Crews,Season 45 (2014-2015),https://community.fandom.com/wiki/Wikipedia:Terry_Crews,Q271464,0187719,
Claire Danes,Season 45 (2014-2015),https://community.fandom.com/wiki/Wikipedia:Claire_Danes,Q867813,0000132,
Viola Davis,Season 45 (2014-2015),,,,
Kat Dennings,Season 45 (2014-2015),https://community.fandom.com/wiki/Wikipedia:Kat_Dennings,Q231751,0993507,
Taye Diggs,Season 45 (2014-2015),https://community.fandom.com/wiki/Wikipedia:Taye_Diggs,Q534006,0004875,Taye Diggs
Tina Fey,Season 45 (2014-2015),https://community.fandom.com/wiki/Wikipedia:Tina_Fey,Q14540,0275486,Bookaneer Captain
Josh Gad,Season 45 (2014-2015),https://community.fandom.com/wiki/Wikipedia:Josh_Gad,Q1190319,1265802,Vincent Van Stop
Zach Galifianakis,Season 45 (2014-2015),https://community.fandom.com/wiki/Wikipedia:Zach_Galifianakis,Q139325,0302108,
Pau Gasol Sáez,Season 45 (2014-2015),https://community.fandom.com/wiki/Wikipedia:Pau_Gasol,Q193052,,
Bill Hader,Season 45 (2014-2015),https://community.fandom.com/wiki/Wikipedia:Bill_Hader,Q14537,0352778,
Christina Hendricks,Season 45 (2014-2015),https://community.fandom.com/wiki/Wikipedia:Christina_Hendricks,Q210462,0376716,
Jonah Hill,Season 45 (2014-2015),https://community.fandom.com/wiki/Wikipedia:Jonah_Hill,Q313388,1706767,
Mindy Kaling,Season 45 (2014-2015),https://community.fandom.com/wiki/Wikipedia:Mindy_Kaling,Q539917,1411676,
Taran Killam,Season 45 (2014-2015),https://community.fandom.com/wiki/Wikipedia:Taran_Killam,Q2706805,0453115,Professor Buck Awe
Jane Krakowski,Season 45 (2014-2015),https://community.fandom.com/wiki/Wikipedia:Jane_Krakowski,Q230268,0005105,
Zachary Levi,Season 45 (2014-2015),https://community.fandom.com/wiki/Wikipedia:Zachary_Levi,Q139638,1157048,
Nia Long,Season 45 (2014-2015),https://community.fandom.com/wiki/Wikipedia:Nia_Long,Q272956,0000505,
Macklemore,Season 45 (2014-2015),https://community.fandom.com/wiki/Wikipedia:Macklemore,Q484874,5362567,
Jack McBrayer,Season 45 (2014-2015),https://community.fandom.com/wiki/Wikipedia:Jack_McBrayer,Q560896,1442113,
Sir Ian McKellen,Season 45 (2014-2015),https://community.fandom.com/wiki/Wikipedia:Ian_McKellen,Q170510,0005212,
Wendi McLendon-Covey,Season 45 (2014-2015),https://community.fandom.com/wiki/Wikipedia:Wendi_McLendon-Covey,Q165296,1018488,
Seth Meyers,Season 45 (2014-2015),https://community.fandom.com/wiki/Wikipedia:Seth_Meyers,Q14536,1024878,
Janelle Monáe,Season 45 (2014-2015),https://community.fandom.com/wiki/Wikipedia:Janelle_Mon%C3%A1e,Q234356,1847117,
Lupita Nyong'o,Season 45 (2014-2015),https://community.fandom.com/wiki/Wikipedia:Lupita_Nyong%27o,Q3840847,2143282,
Michelle Obama,Season 45 (2014-2015),https://community.fandom.com/wiki/Wikipedia:Michelle_Obama,Q13133,2349292,
Zachary Quinto,Season 45 (2014-2015),https://community.fandom.com/wiki/Wikipedia:Zachary_Quinto,Q139642,0704270,
Craig Robinson,Season 45 (2014-2015),https://community.fandom.com/wiki/Wikipedia:Craig_Robinson_(actor),Q926912,0732497,
Jasmine Romero,Season 45 (2014-2015),,,,
Emmy Rossum,Season 45 (2014-2015),https://community.fandom.com/wiki/Wikipedia:Emmy_Rossum,Q35912,0002536,
Adam Scott,Season 45 (2014-2015),https://community.fandom.com/wiki/Wikipedia:Adam_Scott_(actor),Q201842,0004395,
Ed Sheeran,Season 45 (2014-2015),https://community.fandom.com/wiki/Wikipedia:Ed_Sheeran,Q47447,3247828,
Brittany Snow,Season 45 (2014-2015),https://community.fandom.com/wiki/Wikipedia:Brittany_Snow,Q229975,0811242,
